year,program,artist,appearances,song
2015,NHK紅白歌合戦,郷ひろみ,28,2億4千万の瞳-エキゾチック・ジャパン-
2015,NHK紅白歌合戦,大原櫻子,1,瞳
2015,NHK紅白歌合戦,Sexy Zone[※ 1],3,ニッポン Cha-Cha-Cha チャンピオン
2015,NHK紅白歌合戦,伍代夏子,22,東京五輪音頭
2015,NHK紅白歌合戦,乃木坂46,1,君の名は希望
2015,NHK紅白歌合戦,三山ひろし,1,お岩木山
2015,NHK紅白歌合戦,E-girls,3,Dance Dance Dance
2015,NHK紅白歌合戦,SEKAI NO OWARI,2,プレゼント
2015,NHK紅白歌合戦,坂本冬美,27,祝い酒
2015,NHK紅白歌合戦,德永英明,10,時代
2015,NHK紅白歌合戦,nan,0,アニメ紅白[※ 4]
2015,NHK紅白歌合戦,μ's,1,それは僕たちの奇跡
2015,NHK紅白歌合戦,山内惠介,1,スポットライト
2015,NHK紅白歌合戦,AAA,6,恋音と雨空
2015,NHK紅白歌合戦,星野源,1,SUN
2015,NHK紅白歌合戦,島津亜矢,2,帰らんちゃよか
2015,NHK紅白歌合戦,ゲスの極み乙女。,1,私以外私じゃないの
2015,NHK紅白歌合戦,藤あや子,21,曼珠沙華
2015,NHK紅白歌合戦,ゆず,6,かける
2015,NHK紅白歌合戦,miwa,3,fighting-φ-girls
2015,NHK紅白歌合戦,氷川きよし,16,男花
2015,NHK紅白歌合戦,細川たかし,39,心のこり
2015,NHK紅白歌合戦,和田アキ子,39,笑って許して
2015,NHK紅白歌合戦,関ジャニ∞[※ 5],4,前向きスクリーム!
2015,NHK紅白歌合戦,天童よしみ,20,人生一路[※ 6]
2015,NHK紅白歌合戦,NMB48,3,365日の紙飛行機
2015,NHK紅白歌合戦,三代目 J Soul Brothers,4,Summer Madness
2015,NHK紅白歌合戦,福山雅治,8,デビュー25周年スペシャルメドレー[※ 7][※ 8][※ 9]
2015,NHK紅白歌合戦,水森かおり,13,大和路の恋
2015,NHK紅白歌合戦,いきものがかり,8,ありがとう
2015,NHK紅白歌合戦,nan,0,ザッツ・SHOWTIME〜星に願いを〜[25][※ 10]
2015,NHK紅白歌合戦,TOKIO,22,AMBITIOUS JAPAN!
2015,NHK紅白歌合戦,椎名林檎,3,長く短い祭 〜ここは地獄か天国か篇〜[※ 11]
2015,NHK紅白歌合戦,嵐,7,New Year's Eve Medley 2015[※ 12]
2015,NHK紅白歌合戦,AKB48,8,AKB48 紅白2015 SP 〜10周年記念メドレー〜[※ 13]
2015,NHK紅白歌合戦,EXILE,11,EXILE 紅白スペシャル2015[※ 14]
2015,NHK紅白歌合戦,nan,0,花は咲く
2015,NHK紅白歌合戦,Superfly,1,Beautiful
2015,NHK紅白歌合戦,ゴールデンボンバー,4,女々しくて
2015,NHK紅白歌合戦,西野カナ,6,トリセツ
2015,NHK紅白歌合戦,BUMP OF CHICKEN,1,ray[※ 15][※ 9]
2015,NHK紅白歌合戦,石川さゆり,38,津軽海峡・冬景色
2015,NHK紅白歌合戦,五木ひろし,45,千曲川
2015,NHK紅白歌合戦,V6,2,ザッツ!V6メドレー[※ 16]
2015,NHK紅白歌合戦,Perfume,8,Pick Me Up
2015,NHK紅白歌合戦,小林幸子,34,千本桜
2015,NHK紅白歌合戦,X JAPAN,6,紅白スペシャルメドレー 〜We are X !〜[※ 18]
2015,NHK紅白歌合戦,MISIA,2,オルフェンズの涙[※ 20]
2015,NHK紅白歌合戦,美輪明宏,4,ヨイトマケの唄
2015,NHK紅白歌合戦,レベッカ,1,フレンズ
2015,NHK紅白歌合戦,今井美樹,2,PIECE OF MY WISH
2015,NHK紅白歌合戦,SMAP,23,This is SMAP メドレー[※ 21]
2015,NHK紅白歌合戦,森進一,48,おふくろさん
2015,NHK紅白歌合戦,髙橋真梨子,3,五番街のマリーへ2015[※ 22]
2015,NHK紅白歌合戦,近藤真彦,10,ギンギラギンにさりげなく
2015,NHK紅白歌合戦,松田聖子,19,赤いスイートピー
2016,NHK紅白歌合戦,関ジャニ∞[※ 1],5,ズッコケ男道〜紅白で夢を歌おう〜
2016,NHK紅白歌合戦,PUFFY,1,PUFFY 20周年紅白スペシャル[※ 2]
2016,NHK紅白歌合戦,AAA,7,ハリケーン・リリ、ボストン・マリ
2016,NHK紅白歌合戦,E-girls,4,DANCE WITH ME NOW!
2016,NHK紅白歌合戦,欅坂46[※ 3],1,サイレントマジョリティー
2016,NHK紅白歌合戦,三山ひろし,2,四万十川〜けん玉大使編〜
2016,NHK紅白歌合戦,山内惠介,2,流転の波止場〜究極の貴公子編〜
2016,NHK紅白歌合戦,miwa,4,結 -ゆい-
2016,NHK紅白歌合戦,Sexy Zone[※ 4],4,よびすて 紅白'16
2016,NHK紅白歌合戦,天童よしみ,21,あんたの花道
2016,NHK紅白歌合戦,SEKAI NO OWARI,3,Hey Ho from RPG[※ 6]
2016,NHK紅白歌合戦,市川由紀乃,1,心かさねて
2016,NHK紅白歌合戦,三代目 J Soul Brothers,5,Welcome to TOKYO
2016,NHK紅白歌合戦,香西かおり,19,すき〜真田丸スペシャルVer.〜
2016,NHK紅白歌合戦,椎名林檎,4,青春の瞬き -FROM NEO TOKYO 2016-[※ 7]
2016,NHK紅白歌合戦,福田こうへい,3,東京五輪音頭
2016,NHK紅白歌合戦,絢香,8,三日月
2016,NHK紅白歌合戦,郷ひろみ,29,言えないよ
2016,NHK紅白歌合戦,V6,3,Smile! メドレー[※ 8]
2016,NHK紅白歌合戦,水森かおり,14,越後水原〜白鳥飛翔〜
2016,NHK紅白歌合戦,いきものがかり,9,SAKURA
2016,NHK紅白歌合戦,ゆず,7,見上げてごらん夜の星を 〜ぼくらのうた〜
2016,NHK紅白歌合戦,渡辺直美,0,Crazy in Love
2016,NHK紅白歌合戦,ピコ太郎,0,PPAP（ペンパイナッポーアッポーペン）
2016,NHK紅白歌合戦,RADWIMPS,1,前前前世 [original ver.]
2016,NHK紅白歌合戦,乃木坂46,2,サヨナラの意味
2016,NHK紅白歌合戦,福山雅治,9,2016スペシャルメドレー[※ 11]
2016,NHK紅白歌合戦,島津亜矢,3,川の流れのように
2016,NHK紅白歌合戦,RADIO FISH,1,PERFECT HUMAN
2016,NHK紅白歌合戦,西野カナ,7,Dear Bride
2016,NHK紅白歌合戦,桐谷健太,1,海の声〜みんなの海の声バージョン〜
2016,NHK紅白歌合戦,AI,2,みんながみんな英雄
2016,NHK紅白歌合戦,AKB48,9,夢の紅白選抜SPメドレー[※ 12]
2016,NHK紅白歌合戦,五木ひろし,46,九頭竜川
2016,NHK紅白歌合戦,nan,0,ふるさと
2016,NHK紅白歌合戦,KinKi Kids,1,硝子の少年
2016,NHK紅白歌合戦,Perfume,9,FLASH
2016,NHK紅白歌合戦,星野源,2,恋
2016,NHK紅白歌合戦,大竹しのぶ,1,愛の讃歌
2016,NHK紅白歌合戦,坂本冬美,28,夜桜お七
2016,NHK紅白歌合戦,TOKIO[※ 7],23,宙船（そらふね）
2016,NHK紅白歌合戦,松田聖子,20,薔薇のように咲いて 桜のように散って
2016,NHK紅白歌合戦,X JAPAN,7,紅
2016,NHK紅白歌合戦,髙橋真梨子,4,ごめんね…
2016,NHK紅白歌合戦,THE YELLOW MONKEY,1,JAM
2016,NHK紅白歌合戦,氷川きよし,17,白雲の城[※ 14]
2016,NHK紅白歌合戦,宇多田ヒカル,1,花束を君に [※ 15]
2016,NHK紅白歌合戦,石川さゆり,39,天城越え
2016,NHK紅白歌合戦,嵐,8,嵐×紅白スペシャルメドレー[※ 16]
2017,NHK紅白歌合戦,Hey! Say! JUMP,1,Come On A My House
2017,NHK紅白歌合戦,Little Glee Monster,1,好きだ。 〜夢を歌おう ver.〜[※ 5]
2017,NHK紅白歌合戦,山内惠介,3,愛が信じられないなら 〜貴公子たちの舞踏会〜
2017,NHK紅白歌合戦,E-girls,5,Love ☆ Queen
2017,NHK紅白歌合戦,SHISHAMO,1,明日も 〜紅白2017ver.〜
2017,NHK紅白歌合戦,三山ひろし,3,男の流儀 〜けん玉世界記録への道〜
2017,NHK紅白歌合戦,AI × 渡辺直美[※ 6],3,キラキラ feat.カンナ
2017,NHK紅白歌合戦,竹原ピストル,1,よー、そこの若いの
2017,NHK紅白歌合戦,丘みどり,1,佐渡の夕笛
2017,NHK紅白歌合戦,Sexy Zone[※ 7],5,ぎゅっと
2017,NHK紅白歌合戦,市川由紀乃,2,人生一路
2017,NHK紅白歌合戦,福田こうへい,4,王将
2017,NHK紅白歌合戦,三代目 J Soul Brothers,6,HAPPY 〜紅白スペシャルバージョン〜
2017,NHK紅白歌合戦,天童よしみ,22,道頓堀人情
2017,NHK紅白歌合戦,SEKAI NO OWARI,4,RAIN
2017,NHK紅白歌合戦,倉木麻衣,4,渡月橋 〜君 想ふ〜
2017,NHK紅白歌合戦,TWICE,1,TT -Japanese ver.-
2017,NHK紅白歌合戦,三浦大知,1,三浦大知 紅白スペシャル[※ 9]
2017,NHK紅白歌合戦,水森かおり,15,早鞆ノ瀬戸
2017,NHK紅白歌合戦,WANIMA,1,ともに
2017,NHK紅白歌合戦,島津亜矢,4,The Rose
2017,NHK紅白歌合戦,郷ひろみ,30,2億4千万の瞳 〜GO! GO! バブルリミックス〜
2017,NHK紅白歌合戦,欅坂46[※ 10],2,不協和音
2017,NHK紅白歌合戦,関ジャニ∞[※ 11],6,なぐりガキBEAT
2017,NHK紅白歌合戦,福山雅治[※ 12],10,トモエ学園
2017,NHK紅白歌合戦,坂本冬美,29,男の火祭り
2017,NHK紅白歌合戦,西野カナ,8,パッ
2017,NHK紅白歌合戦,TOKIO,24,AMBITIOUS JAPAN!
2017,NHK紅白歌合戦,五木ひろし,47,夜空
2017,NHK紅白歌合戦,乃木坂46,3,インフルエンサー
2017,NHK紅白歌合戦,nan,0,いつでも夢を
2017,NHK紅白歌合戦,松田聖子,21,新しい明日
2017,NHK紅白歌合戦,平井堅,8,ノンフィクション
2017,NHK紅白歌合戦,椎名林檎,5,目抜き通り
2017,NHK紅白歌合戦,トータス松本,1,目抜き通り
2017,NHK紅白歌合戦,Perfume[※ 15],10,TOKYO GIRL
2017,NHK紅白歌合戦,X JAPAN,8,ENDLESS RAIN 2017 紅白スペシャル[※ 16]
2017,NHK紅白歌合戦,AKB48,10,視聴者が選んだ夢の紅白SPメドレー[※ 17]
2017,NHK紅白歌合戦,エレファントカシマシ,1,今宵の月のように
2017,NHK紅白歌合戦,松たか子,3,明日はどこから
2017,NHK紅白歌合戦,星野源,3,Family Song
2017,NHK紅白歌合戦,Superfly,2,愛をこめて花束を
2017,NHK紅白歌合戦,嵐,9,嵐×紅白スペシャルメドレー[※ 18]
2017,NHK紅白歌合戦,髙橋真梨子,5,for you…
2017,NHK紅白歌合戦,氷川きよし,18,きよしのズンドコ節
2017,NHK紅白歌合戦,安室奈美恵,10,Hero
2017,NHK紅白歌合戦,桑田佳祐[※ 19],2,若い広場
2017,NHK紅白歌合戦,石川さゆり[※ 20],40,津軽海峡・冬景色
2017,NHK紅白歌合戦,ゆず,8,栄光の架橋
2018,NHK紅白歌合戦,三代目 J Soul Brothers,7,R.Y.U.S.E.I.
2018,NHK紅白歌合戦,坂本冬美,30,夜桜お七
2018,NHK紅白歌合戦,郷ひろみ,31,GOLDFINGER '99〜GO! GO! 2018〜
2018,NHK紅白歌合戦,Little Glee Monster,2,世界はあなたに笑いかけている
2018,NHK紅白歌合戦,山内惠介,4,さらせ冬の嵐〜刀剣男士コラボスペシャル〜
2018,NHK紅白歌合戦,DAOKO,1,打上花火
2018,NHK紅白歌合戦,nan,0,夢のキッズショー〜平成、その先へ〜[• 1]
2018,NHK紅白歌合戦,Hey! Say! JUMP,2,Ultra Music Power 〜Hey! Say! 紅白スペシャルver.〜
2018,NHK紅白歌合戦,丘みどり,2,鳰の湖
2018,NHK紅白歌合戦,天童よしみ,23,ソーラン祭り節2018〜どさんこver.〜
2018,NHK紅白歌合戦,Suchmos,1,VOLT-AGE
2018,NHK紅白歌合戦,純烈,1,プロポーズ
2018,NHK紅白歌合戦,あいみょん,1,マリーゴールド
2018,NHK紅白歌合戦,水森かおり,16,水に咲く花・支笏湖へ〜イリュージョンスペシャル〜
2018,NHK紅白歌合戦,Sexy Zone[• 3],6,カラクリだらけのテンダネス〜2018紅白ver.〜
2018,NHK紅白歌合戦,刀剣男士,1,刀剣乱舞 〜出陣! 紅白歌合戦〜
2018,NHK紅白歌合戦,Aqours,1,君のこころは輝いてるかい?
2018,NHK紅白歌合戦,YOSHIKI feat. HYDE,1,Red Swan
2018,NHK紅白歌合戦,YOSHIKI feat. サラ・ブライトマン,1,Miracle
2018,NHK紅白歌合戦,島津亜矢,5,時代
2018,NHK紅白歌合戦,五木ひろし,48,VIVA・LA・VIDA! 〜生きてるっていいね!〜
2018,NHK紅白歌合戦,DA PUMP,6,U.S.A.
2018,NHK紅白歌合戦,いきものがかり,10,じょいふる
2018,NHK紅白歌合戦,AKB48[• 8],11,恋するフォーチュンクッキー
2018,NHK紅白歌合戦,福山雅治,11,2018スペシャルメドレー[• 9][• 10]
2018,NHK紅白歌合戦,King & Prince[• 11],1,シンデレラガール
2018,NHK紅白歌合戦,Perfume,11,Future Pop 紅白SP[• 12][• 13]
2018,NHK紅白歌合戦,関ジャニ∞,7,ここに
2018,NHK紅白歌合戦,欅坂46,3,ガラスを割れ!
2018,NHK紅白歌合戦,三山ひろし,4,いごっそ魂〜けん玉世界記録への道、再び〜
2018,NHK紅白歌合戦,西野カナ,9,トリセツ
2018,NHK紅白歌合戦,SEKAI NO OWARI,5,サザンカ
2018,NHK紅白歌合戦,乃木坂46,4,帰り道は遠回りしたくなる
2018,NHK紅白歌合戦,北島兄弟,1,ブラザー
2018,NHK紅白歌合戦,北島三郎,51,まつり
2018,NHK紅白歌合戦,TWICE,2,紅白メドレー2018[• 14]
2018,NHK紅白歌合戦,EXILE,12,EXILE紅白スペシャル2018[• 15]
2018,NHK紅白歌合戦,Superfly,3,Gifts
2018,NHK紅白歌合戦,三浦大知,2,Be Myself 〜紅白スペシャル〜
2018,NHK紅白歌合戦,aiko,13,カブトムシ
2018,NHK紅白歌合戦,松田聖子,22,SEIKO DREAM MEDLEY 2018[• 16]
2018,NHK紅白歌合戦,氷川きよし,19,勝負の花道〜世界に響く和太鼓SP〜
2018,NHK紅白歌合戦,椎名林檎,6,獣ゆく細道
2018,NHK紅白歌合戦,宮本浩次,1,獣ゆく細道
2018,NHK紅白歌合戦,松任谷由実,3,私が好きなユーミンのうた〜紅白スペシャル〜[• 18]
2018,NHK紅白歌合戦,星野源,4,アイデア
2018,NHK紅白歌合戦,米津玄師,1,Lemon[• 19]
2018,NHK紅白歌合戦,MISIA,3,アイノカタチ 2018[• 21]
2018,NHK紅白歌合戦,ゆず,9,うたエール
2018,NHK紅白歌合戦,石川さゆり,41,天城越え
2018,NHK紅白歌合戦,嵐,10,嵐×紅白スペシャルメドレー[• 22]
2018,NHK紅白歌合戦,サザンオールスターズ,5,希望の轍
2018,NHK紅白歌合戦,サザンオールスターズ,5,勝手にシンドバッド
2019,NHK紅白歌合戦,Foorin,1,パプリカ -紅白スペシャルバージョン-
2019,NHK紅白歌合戦,郷ひろみ,32,"2億4千万の瞳 -エキゾチック""GO!GO!""ジャパン-"
2019,NHK紅白歌合戦,aiko,14,花火
2019,NHK紅白歌合戦,GENERATIONS,1,EXPerience Greatness
2019,NHK紅白歌合戦,日向坂46,1,キュン
2019,NHK紅白歌合戦,純烈,2,純烈のハッピーバースデー
2019,NHK紅白歌合戦,ジャニーズJr.,0,Let's Go to 2020 Tokyo
2019,NHK紅白歌合戦,Hey! Say! JUMP,3,上を向いて歩こう 〜令和スペシャルバージョン〜
2019,NHK紅白歌合戦,島津亜矢,6,糸
2019,NHK紅白歌合戦,中元みずき,0,イントゥ・ジ・アンノウン〜心のままに
2019,NHK紅白歌合戦,ダイアモンド☆ユカイ,0,君はともだち
2019,NHK紅白歌合戦,中村倫也&木下晴香,0,ホール・ニュー・ワールド
2019,NHK紅白歌合戦,おしりたんてい,0,ププッとフムッとかいけつダンス
2019,NHK紅白歌合戦,Kis-My-Ft2,1,Everybody Go
2019,NHK紅白歌合戦,天童よしみ,24,大阪恋時雨
2019,NHK紅白歌合戦,AKB48,12,恋するフォーチュンクッキー〜紅白世界選抜SP〜
2019,NHK紅白歌合戦,山内惠介,5,唇スカーレット
2019,NHK紅白歌合戦,三浦大知,3,Blizzard
2019,NHK紅白歌合戦,LiSA,1,紅蓮華
2019,NHK紅白歌合戦,坂本冬美,31,祝い酒 〜祝!令和バージョン〜
2019,NHK紅白歌合戦,King Gnu,1,白日
2019,NHK紅白歌合戦,丘みどり,3,紙の鶴
2019,NHK紅白歌合戦,福山雅治[• 4],12,デビュー30周年直前SPメドレー[• 5]
2019,NHK紅白歌合戦,TWICE,3,Let's Dance Medley 2019[• 6]
2019,NHK紅白歌合戦,五木ひろし,49,VIVA LA VIDA! 〜生きてるっていいね!〜
2019,NHK紅白歌合戦,Little Glee Monster,3,ECHO
2019,NHK紅白歌合戦,DA PUMP,7,DA PUMP 〜ONE TEAMメドレー〜[• 7]
2019,NHK紅白歌合戦,Official髭男dism,1,Pretender
2019,NHK紅白歌合戦,欅坂46[• 8][• 9],4,不協和音
2019,NHK紅白歌合戦,水森かおり,17,高遠 さくら路 〜イリュージョンスペシャル〜
2019,NHK紅白歌合戦,King & Prince[• 10],2,King & Prince 〜紅白スペシャルメドレー～[• 11]
2019,NHK紅白歌合戦,三山ひろし,5,望郷山河 〜第3回 けん玉世界記録への道〜
2019,NHK紅白歌合戦,YOSHIKI feat. KISS <YOSHIKISS>[• 13],0,Rock and Roll All Nite -YOSHIKISS version.-
2019,NHK紅白歌合戦,椎名林檎,7,人生は夢だらけ〜お願いガッテン篇〜[• 14]
2019,NHK紅白歌合戦,AI美空ひばり,0,あれから
2019,NHK紅白歌合戦,関ジャニ∞,8,関ジャニ∞ 前向きにきばってこーぜ!OSAKAメドレー[• 15]
2019,NHK紅白歌合戦,乃木坂46[• 16],5,シンクロニシティ
2019,NHK紅白歌合戦,星野源[• 17],5,Same Thing
2019,NHK紅白歌合戦,Perfume,12,FUSION -紅白Ver.-[• 18]
2019,NHK紅白歌合戦,ビートたけし,1,浅草キッド
2019,NHK紅白歌合戦,石川さゆり,42,津軽海峡・冬景色
2019,NHK紅白歌合戦,RADWIMPS[• 20],2,天気の子 紅白スペシャル[• 21]
2019,NHK紅白歌合戦,Superfly,4,フレア
2019,NHK紅白歌合戦,菅田将暉,1,まちがいさがし
2019,NHK紅白歌合戦,竹内まりや[• 23],1,いのちの歌
2019,NHK紅白歌合戦,いきものがかり,11,風が吹いている
2019,NHK紅白歌合戦,ゆず,10,紅白SPメドレー 2019-2020[• 24]
2019,NHK紅白歌合戦,嵐[• 25],0,カイト
2019,NHK紅白歌合戦,松任谷由実,4,ノーサイド
2019,NHK紅白歌合戦,氷川きよし,20,紅白限界突破スペシャルメドレー[• 27]
2019,NHK紅白歌合戦,松田聖子,23,Seiko Best Song Medley[• 28]
2019,NHK紅白歌合戦,MISIA,4,アイノカタチメドレー[• 29]
2019,NHK紅白歌合戦,嵐,11,嵐×紅白スペシャルメドレー[• 30]
2020,NHK紅白歌合戦,King & Prince[• 1],3,I promise
2020,NHK紅白歌合戦,Foorin[• 2],2,パプリカ
2020,NHK紅白歌合戦,山内惠介[• 3],6,恋する街角
2020,NHK紅白歌合戦,milet,1,inside you
2020,NHK紅白歌合戦,日向坂46,2,アザトカワイイ
2020,NHK紅白歌合戦,櫻坂46,1,Nobody's fault
2020,NHK紅白歌合戦,Hey!Say!JUMP,4,紅白SPメドレー 〜みんなでエール2020〜[• 6]
2020,NHK紅白歌合戦,Little Glee Monster[• 2][• 7],4,足跡
2020,NHK紅白歌合戦,SixTONES,1,Imitation Rain
2020,NHK紅白歌合戦,水森かおり,18,瀬戸内 小豆島 〜2020映えSP〜
2020,NHK紅白歌合戦,GENERATIONS,2,You&I
2020,NHK紅白歌合戦,純烈,3,愛をください 〜Don't you cry〜
2020,NHK紅白歌合戦,坂本冬美,32,ブッダのように私は死んだ
2020,NHK紅白歌合戦,Kis-My-Ft2[• 2],2,We never give up!
2020,NHK紅白歌合戦,天童よしみ,25,あんたの花道 ～腹筋太鼓乱れ打ちSP～
2020,NHK紅白歌合戦,さだまさし[• 3],20,奇跡2021
2020,NHK紅白歌合戦,乃木坂46,6,Route 246
2020,NHK紅白歌合戦,鈴木雅之,3,夢で逢えたら
2020,NHK紅白歌合戦,nan,0,紅白 ディズニースペシャルメドレー[• 12][• 13]
2020,NHK紅白歌合戦,五木ひろし,50,山河
2020,NHK紅白歌合戦,NiziU,1,Make you happy
2020,NHK紅白歌合戦,瑛人,1,香水
2020,NHK紅白歌合戦,Perfume[• 2],13,Perfume Medley 2020[• 14]
2020,NHK紅白歌合戦,BABYMETAL,1,イジメ、ダメ、ゼッタイ
2020,NHK紅白歌合戦,郷ひろみ,33,筒美京平 トリビュートメドレー[• 15]
2020,NHK紅白歌合戦,JUJU,1,やさしさで溢れるように
2020,NHK紅白歌合戦,nan,0,連続テレビ小説「エール」[• 16]
2020,NHK紅白歌合戦,GReeeeN,1,星影のエール 紅白SP[• 17]
2020,NHK紅白歌合戦,嵐[• 18],12,嵐×紅白 2020スペシャルメドレー[• 19]
2020,NHK紅白歌合戦,LiSA,2,アニメ「鬼滅の刃」紅白SPメドレー[• 20]
2020,NHK紅白歌合戦,Official髭男dism[• 2],2,I LOVE...
2020,NHK紅白歌合戦,三山ひろし,6,北のおんな町 〜第4回けん玉世界記録への道〜
2020,NHK紅白歌合戦,YOASOBI[• 21],1,夜に駆ける[59]
2020,NHK紅白歌合戦,関ジャニ∞,9,みんなで踊ろう!前向きスクリーム!
2020,NHK紅白歌合戦,東京事変[• 2],1,うるうるうるう〜能動的閏〆篇〜[• 23]
2020,NHK紅白歌合戦,ゆず[• 3],11,雨のち晴レルヤ 〜歓喜の歌 紅白SP〜
2020,NHK紅白歌合戦,あいみょん,2,裸の心
2020,NHK紅白歌合戦,YOSHIKI,3,ENDLESS RAIN[• 24]
2020,NHK紅白歌合戦,Superfly[• 3],5,愛をこめて花束を
2020,NHK紅白歌合戦,Mr.Children[• 25],2,Documentary film
2020,NHK紅白歌合戦,石川さゆり,43,天城越え
2020,NHK紅白歌合戦,星野源[• 25],6,うちで踊ろう (大晦日)
2020,NHK紅白歌合戦,氷川きよし,21,限界突破×サバイバー
2020,NHK紅白歌合戦,松田聖子,24,瑠璃色の地球 2020
2020,NHK紅白歌合戦,松任谷由実[• 2][• 26],5,守ってあげたい
2020,NHK紅白歌合戦,玉置浩二[• 25],2,田園
2020,NHK紅白歌合戦,福山雅治,13,家族になろうよ
2020,NHK紅白歌合戦,MISIA,5,アイノカタチ
2021,NHK紅白歌合戦,LiSA,3,明け星
2021,NHK紅白歌合戦,郷ひろみ,34,2億4千万の瞳-エキゾチック・ジャパン-
2021,NHK紅白歌合戦,DISH//,1,猫
2021,NHK紅白歌合戦,NiziU [• 1],2,Take a picture
2021,NHK紅白歌合戦,山内惠介 [• 2],7,有楽町で逢いましょう
2021,NHK紅白歌合戦,櫻坂46[• 2],2,流れ弾
2021,NHK紅白歌合戦,YOASOBI with ミドリーズ,1,ツバメ
2021,NHK紅白歌合戦,Awesome City Club [• 1],1,勿忘
2021,NHK紅白歌合戦,GENERATIONS,3,Make Me Better
2021,NHK紅白歌合戦,日向坂46,3,君しか勝たん
2021,NHK紅白歌合戦,純烈,4,君がそばにいるから
2021,NHK紅白歌合戦,SixTONES [• 1],2,マスカラ
2021,NHK紅白歌合戦,天童よしみ,26,あんたの花道〜ブラバンSP〜
2021,NHK紅白歌合戦,KAT-TUN,1,Real Face #2
2021,NHK紅白歌合戦,上白石萌音 [• 1],1,夜明けをくちずさめたら
2021,NHK紅白歌合戦,King & Prince,4,恋降る月夜に君想ふ
2021,NHK紅白歌合戦,milet,2,Fly High
2021,NHK紅白歌合戦,まふまふ[• 1],1,命に嫌われている。
2021,NHK紅白歌合戦,水森かおり [• 7],19,いい日旅立ち
2021,NHK紅白歌合戦,Snow Man,1,D.D.
2021,NHK紅白歌合戦,松平健,2,マツケンサンバII
2021,NHK紅白歌合戦,東京都交響楽団,1,序曲
2021,NHK紅白歌合戦,東京都交響楽団,1,そして伝説へ…[• 1]
2021,NHK紅白歌合戦,LiSA,3,炎
2021,NHK紅白歌合戦,高橋洋子,1,残酷な天使のテーゼ
2021,NHK紅白歌合戦,AI,4,アルデバラン
2021,NHK紅白歌合戦,関ジャニ∞,10,Re:LIVE
2021,NHK紅白歌合戦,BiSH,1,プロミスザスター
2021,NHK紅白歌合戦,三山ひろし [• 2],7,浮世傘 〜第5回けん玉世界記録への道〜
2021,NHK紅白歌合戦,平井大,1,"Stand by me, Stand by you."
2021,NHK紅白歌合戦,ケツメイシ,1,ライフイズビューティフル
2021,NHK紅白歌合戦,Perfume [• 1],14,ポリゴンウェイヴ
2021,NHK紅白歌合戦,millennium parade × Belle,1,U
2021,NHK紅白歌合戦,宮本浩次 [• 12],2,夜明けのうた
2021,NHK紅白歌合戦,乃木坂46,7,きっかけ
2021,NHK紅白歌合戦,細川たかし,40,望郷じょんから
2021,NHK紅白歌合戦,細川たかし,40,北酒場
2021,NHK紅白歌合戦,坂本冬美 [• 1],33,夜桜お七
2021,NHK紅白歌合戦,藤井風 [• 15],1,きらり[• 16]
2021,NHK紅白歌合戦,YOASOBI [• 2],2,群青
2021,NHK紅白歌合戦,鈴木雅之,4,め組のひと 2021紅白ver. [• 18]
2021,NHK紅白歌合戦,ゆず,12,虹
2021,NHK紅白歌合戦,星野源 [• 19],7,不思議
2021,NHK紅白歌合戦,あいみょん,3,愛を知るまでは
2021,NHK紅白歌合戦,BUMP OF CHICKEN [• 20],2,なないろ[• 21]
2021,NHK紅白歌合戦,さだまさし,21,道化師のソネット[• 23]
2021,NHK紅白歌合戦,東京事変,2,緑酒
2021,NHK紅白歌合戦,薬師丸ひろ子 [• 25],2,"Woman ""Wの悲劇""より"
2021,NHK紅白歌合戦,石川さゆり,44,"火事と喧嘩は江戸の華（feat. KREVA, MIYAVI）"
2021,NHK紅白歌合戦,石川さゆり,44,津軽海峡・冬景色
2021,NHK紅白歌合戦,氷川きよし,22,歌は我が命
2021,NHK紅白歌合戦,布袋寅泰 [• 1],1,さらば青春の光 ＜紅白SP＞[• 26]
2021,NHK紅白歌合戦,福山雅治,14,道標 〜紅白2021ver.〜
2021,NHK紅白歌合戦,MISIA,6,明日へ 2021 [• 27]
2022,NHK紅白歌合戦,SixTONES,3,Good Luck!
2022,NHK紅白歌合戦,天童よしみ,27,ソーラン祭り節
2022,NHK紅白歌合戦,緑黄色社会,1,Mela!
2022,NHK紅白歌合戦,郷ひろみ,35,GO!GO!50周年!!SPメドレー[• 2]
2022,NHK紅白歌合戦,なにわ男子,1,初心LOVE（うぶらぶ）
2022,NHK紅白歌合戦,水森かおり,20,九十九里浜〜謎解き紅白スペシャル〜
2022,NHK紅白歌合戦,LE SSERAFIM[• 4],1,FEARLESS -Japanese ver.-
2022,NHK紅白歌合戦,Saucy Dog,1,シンデレラボーイ
2022,NHK紅白歌合戦,山内惠介,8,恋する街角〜きつねダンスRemix〜
2022,NHK紅白歌合戦,日向坂46,4,キツネ
2022,NHK紅白歌合戦,JO1,1,無限大
2022,NHK紅白歌合戦,milet,3,Fly High
2022,NHK紅白歌合戦,NiziU,3,CLAP CLAP
2022,NHK紅白歌合戦,鈴木雅之,5,違う、そうじゃない
2022,NHK紅白歌合戦,BE:FIRST,1,Shining One
2022,NHK紅白歌合戦,SEKAI NO OWARI,6,Habit
2022,NHK紅白歌合戦,三浦大知,4,燦燦
2022,NHK紅白歌合戦,IVE,1,ELEVEN -Japanese ver.-
2022,NHK紅白歌合戦,Snow Man,2,ブラザービート〜紅白みんなでシェー!SP〜
2022,NHK紅白歌合戦,Perfume,15,紅白 Medley 2022[• 9]
2022,NHK紅白歌合戦,THE LAST ROCKSTARS,1,THE LAST ROCKSTARS
2022,NHK紅白歌合戦,Aimer[• 11],1,残響散歌
2022,NHK紅白歌合戦,坂本冬美,34,お祭りマンボ〜スカパラSP〜
2022,NHK紅白歌合戦,ウタ[• 12],1,新時代
2022,NHK紅白歌合戦,King Gnu[• 14],2,Stardom
2022,NHK紅白歌合戦,三山ひろし,8,夢追い人〜第6回けん玉世界記録への道〜
2022,NHK紅白歌合戦,TWICE,4,Celebrate
2022,NHK紅白歌合戦,nan,0,ディズニースペシャルメドレー[• 16][• 17]
2022,NHK紅白歌合戦,Vaundy,1,怪獣の花唄
2022,NHK紅白歌合戦,milet×Aimer×幾田りら×Vaundy,1,おもかげ
2022,NHK紅白歌合戦,純烈（ダチョウ倶楽部・有吉弘行）,5,プロポーズ〜白い雲のように
2022,NHK紅白歌合戦,back number,1,アイラブユー
2022,NHK紅白歌合戦,back number,1,高嶺の花子さん
2022,NHK紅白歌合戦,乃木坂46[• 19],8,裸足でSummer
2022,NHK紅白歌合戦,工藤静香,9,35周年SPメドレー[• 20]
2022,NHK紅白歌合戦,King & Prince,5,ichiban
2022,NHK紅白歌合戦,Official髭男dism[• 21],3,Subtitle
2022,NHK紅白歌合戦,あいみょん,4,ハート〜君はロックを聴かない
2022,NHK紅白歌合戦,加山雄三,18,海 その愛
2022,NHK紅白歌合戦,Superfly[• 4],6,Beautiful
2022,NHK紅白歌合戦,藤井風,2,死ぬのがいいわ
2022,NHK紅白歌合戦,篠原涼子,2,恋しさと せつなさと 心強さと 2023
2022,NHK紅白歌合戦,ゆず,13,夏色
2022,NHK紅白歌合戦,関ジャニ∞,11,T.W.L
2022,NHK紅白歌合戦,星野源[• 21],8,喜劇
2022,NHK紅白歌合戦,氷川きよし,23,限界突破×サバイバー
2022,NHK紅白歌合戦,松任谷由実 with 荒井由実[• 24],6,Call me back
2022,NHK紅白歌合戦,松任谷由実 with 荒井由実[• 24],6,卒業写真
2022,NHK紅白歌合戦,KinKi Kids,2,25th Anniversary Medley [• 27]
2022,NHK紅白歌合戦,安全地帯,2,I Love Youからはじめよう[• 14][• 29]
2022,NHK紅白歌合戦,石川さゆり,45,天城越え
2022,NHK紅白歌合戦,"桑田佳祐 feat. 佐野元春, 世良公則, Char, 野口五郎",1,時代遅れのRock'n'Roll Band[• 14][• 31]
2022,NHK紅白歌合戦,MISIA,7,希望のうた
2022,NHK紅白歌合戦,福山雅治,15,桜坂
2023,NHK紅白歌合戦,新しい学校のリーダーズ,1,オトナブルー
2023,NHK紅白歌合戦,JO1,2,NEWSmile
2023,NHK紅白歌合戦,鈴木雅之,6,め組のひと
2023,NHK紅白歌合戦,Stray Kids[• 2],1,CASE 143 -Japanese ver.-
2023,NHK紅白歌合戦,Perfume[• 2],16,FAKE IT
2023,NHK紅白歌合戦,すとぷり[• 3],1,スキスキ星人
2023,NHK紅白歌合戦,天童よしみ[• 4],28,道頓堀人情
2023,NHK紅白歌合戦,キタニタツヤ,1,青のすみか
2023,NHK紅白歌合戦,緑黄色社会,2,キャラクター
2023,NHK紅白歌合戦,櫻坂46[• 2][• 5],3,Start over!
2023,NHK紅白歌合戦,純烈,6,だってめぐり逢えたんだ〜NHKプラスver.〜
2023,NHK紅白歌合戦,ano,1,ちゅ、多様性。
2023,NHK紅白歌合戦,BE:FIRST[• 2],2,Boom Boom Back
2023,NHK紅白歌合戦,JUJU,2,時の流れに身をまかせ
2023,NHK紅白歌合戦,NiziU,4,Make you happy
2023,NHK紅白歌合戦,LE SSERAFIM,2,UNFORGIVEN (feat. Nile Rodgers) -Japanese ver.-
2023,NHK紅白歌合戦,山内惠介[• 8],9,恋する街角
2023,NHK紅白歌合戦,乃木坂46[• 9],9,おひとりさま天国
2023,NHK紅白歌合戦,郷ひろみ,36,2億4千万の瞳〜ブレイキンSP〜
2023,NHK紅白歌合戦,milet × MAN WITH A MISSION[• 2],4,コイコガレ
2023,NHK紅白歌合戦,MAN WITH A MISSION × milet[• 2],1,絆ノ奇跡
2023,NHK紅白歌合戦,SEVENTEEN[• 10],1,舞い落ちる花びら (Fallin' Flower)
2023,NHK紅白歌合戦,水森かおり[• 11],21,日向岬〜紅白ドミノチャレンジSP〜
2023,NHK紅白歌合戦,ハマいく,1,ビートDEトーヒ
2023,NHK紅白歌合戦,大泉洋,1,あの空に立つ塔のように
2023,NHK紅白歌合戦,Mrs. GREEN APPLE,1,ダンスホール
2023,NHK紅白歌合戦,坂本冬美,35,夜桜お七
2023,NHK紅白歌合戦,MISAMO,1,Do not touch
2023,NHK紅白歌合戦,10-FEET,1,第ゼロ感
2023,NHK紅白歌合戦,NewJeans[• 15],1,NewJeans Special Medley[• 16]
2023,NHK紅白歌合戦,橋本環奈、浜辺美波,0,いつか王子様が
2023,NHK紅白歌合戦,大泉洋、大森元貴、LE SSERAFIM,0,アンダー・ザ・シー
2023,NHK紅白歌合戦,山寺宏一、櫻坂46、Stray Kids,0,フレンド・ライク・ミー
2023,NHK紅白歌合戦,生田絵梨花,0,ウィッシュ～この願い～
2023,NHK紅白歌合戦,紅白有志の皆さん[• 18],0,小さな世界
2023,NHK紅白歌合戦,Official髭男dism[• 15],4,Chessboard
2023,NHK紅白歌合戦,椎名林檎,8,㋚〜さすがに諸行無常篇〜[• 20][• 21]
2023,NHK紅白歌合戦,ゆず,14,ビューティフル
2023,NHK紅白歌合戦,クイーン+アダム・ランバート[• 22],1,ドント・ストップ・ミー・ナウ
2023,NHK紅白歌合戦,三山ひろし,9,どんこ坂〜第7回 けん玉世界記録への道〜
2023,NHK紅白歌合戦,星野源[• 23],9,生命体
2023,NHK紅白歌合戦,Superfly,7,タマシイレボリューション
2023,NHK紅白歌合戦,伊藤蘭[• 15],1,キャンディーズ50周年 紅白SPメドレー[• 25]
2023,NHK紅白歌合戦,YOSHIKI,4,ENDLESS RAIN 〜 Rusty Nail
2023,NHK紅白歌合戦,ポケットビスケッツ&ブラックビスケッツ[• 15],2,YELLOW YELLOW HAPPY〜Timing
2023,NHK紅白歌合戦,薬師丸ひろ子[• 15],3,セーラー服と機関銃
2023,NHK紅白歌合戦,寺尾聰,3,ルビーの指環
2023,NHK紅白歌合戦,Ado[• 31],1,唱
2023,NHK紅白歌合戦,エレファントカシマシ,2,俺たちの明日
2023,NHK紅白歌合戦,あいみょん,5,愛の花
2023,NHK紅白歌合戦,さだまさし[• 34],22,秋桜（コスモス）
2023,NHK紅白歌合戦,石川さゆり,46,津軽海峡・冬景色
2023,NHK紅白歌合戦,藤井フミヤ,6,TRUE LOVE
2023,NHK紅白歌合戦,有吉弘行×藤井フミヤ,6,白い雲のように
2023,NHK紅白歌合戦,YOASOBI,3,アイドル
2023,NHK紅白歌合戦,福山雅治,16,「HELLO〜想望」 紅白スペシャルメドレー
2023,NHK紅白歌合戦,MISIA,8,紅白スペシャル2023 [• 39]
2024,NHK紅白歌合戦,紅白出演者有志,0,切手のないおくりもの
2024,NHK紅白歌合戦,ME:I,1,Click
2024,NHK紅白歌合戦,天童よしみ,29,あんたの花道
2024,NHK紅白歌合戦,こっちのけんと,1,はいよろこんで
2024,NHK紅白歌合戦,Omoinotake,1,幾億光年
2024,NHK紅白歌合戦,Da-iCE,1,I wonder
2024,NHK紅白歌合戦,ILLIT,1,Magnetic
2024,NHK紅白歌合戦,緑黄色社会,3,僕らはいきものだから
2024,NHK紅白歌合戦,ILLIT[• 2]、Number_i、ME:I[• 3],0,コンピューターおばあちゃん
2024,NHK紅白歌合戦,有吉弘行、橋本環奈、伊藤沙莉,0,だんご3兄弟
2024,NHK紅白歌合戦,MISIA,0,ビューティフル・ネーム
2024,NHK紅白歌合戦,有吉弘行、橋本環奈、伊藤沙莉、 花田ゆういちろう、ながたまや、秋元杏月、 佐久本和夢、じゃじゃまる、ぴっころ、ぽろり、 スプー、みもも、やころ、ルチータ,0,からだ☆ダンダン
2024,NHK紅白歌合戦,紅白出演者有志[• 4],0,パプリカ
2024,NHK紅白歌合戦,新浜レオン,1,全てあげよう
2024,NHK紅白歌合戦,櫻坂46,4,自業自得
2024,NHK紅白歌合戦,JO1,3,Love seeker
2024,NHK紅白歌合戦,山内惠介,10,紅の蝶
2024,NHK紅白歌合戦,HY,3,366日
2024,NHK紅白歌合戦,乃木坂46,10,きっかけ
2024,NHK紅白歌合戦,純烈[• 7],7,夢みた果実
2024,NHK紅白歌合戦,LE SSERAFIM,3,CRAZY -Japanese ver.-
2024,NHK紅白歌合戦,tuki.,1,晩餐歌
2024,NHK紅白歌合戦,BE:FIRST,3,Masterplan
2024,NHK紅白歌合戦,TOMORROW X TOGETHER,1,5時53分の空で見つけた君と僕 [Japanese Ver.]
2024,NHK紅白歌合戦,水森かおり[• 9],22,鳥取砂丘〜紅白ドミノチャレンジSP〜
2024,NHK紅白歌合戦,aiko,15,相思相愛
2024,NHK紅白歌合戦,郷ひろみ,37,2億4千万の瞳 放送100年 GO!GO!SP
2024,NHK紅白歌合戦,Creepy Nuts,1,Bling-Bang-Bang-Born
2024,NHK紅白歌合戦,Da-iCE、ME:I[• 11],0,きみもとべるよ![• 12]
2024,NHK紅白歌合戦,乃木坂46,0,レット・イット・ゴー 〜ありのままで〜[• 12]
2024,NHK紅白歌合戦,大森元貴、SAKURA,0,輝く未来[• 12]
2024,NHK紅白歌合戦,紅白出演者有志[• 13],0,星に願いを
2024,NHK紅白歌合戦,GLAY,4,誘惑
2024,NHK紅白歌合戦,坂本冬美[• 14],36,能登はいらんかいね
2024,NHK紅白歌合戦,Vaundy,2,踊り子
2024,NHK紅白歌合戦,椎名林檎ともも,9,ほぼ水の泡
2024,NHK紅白歌合戦,星野源,10,ばらばら
2024,NHK紅白歌合戦,Superfly,8,Beautiful
2024,NHK紅白歌合戦,TWICE,5,「TT〜Feel Special」スーパーメドレー[• 17]
2024,NHK紅白歌合戦,Number_i,1,GOAT
2024,NHK紅白歌合戦,B'z,1,イルミネーション
2024,NHK紅白歌合戦,B'z,1,LOVE PHANTOM
2024,NHK紅白歌合戦,B'z,1,ultra soul
2024,NHK紅白歌合戦,藤井風[• 19],3,満ちてゆく
2024,NHK紅白歌合戦,三山ひろし,10,恋…情念〜第8回 けん玉世界記録への道〜
2024,NHK紅白歌合戦,あいみょん,6,会いに行くのに
2024,NHK紅白歌合戦,南こうせつ,6,神田川[• 21]
2024,NHK紅白歌合戦,イルカ,2,なごり雪[• 21]
2024,NHK紅白歌合戦,竹下景子・武田鉄矢・田中健・松崎しげる,23,もしもピアノが弾けたなら
2024,NHK紅白歌合戦,西野カナ,10,EYES ON YOU 紅白スペシャルメドレー[• 24]
2024,NHK紅白歌合戦,Mrs. GREEN APPLE,2,青と夏〜ライラック 紅白SP
2024,NHK紅白歌合戦,氷川きよし,24,白雲の城
2024,NHK紅白歌合戦,THE ALFEE,2,星空のディスタンス
2024,NHK紅白歌合戦,髙橋真梨子,6,for you…
2024,NHK紅白歌合戦,米津玄師[• 27],2,さよーならまたいつか!
2024,NHK紅白歌合戦,石川さゆり,47,能登半島
2024,NHK紅白歌合戦,玉置浩二,3,悲しみにさよなら
2024,NHK紅白歌合戦,福山雅治,17,「ひとみ〜少年」“あなたへの歌” SPメドレー
2024,NHK紅白歌合戦,MISIA,9,紅白スペシャル2024[• 32]
