year,artist,genre,type,debut_year
2015,AAA,不明,不明,
2015,AI,不明,不明,
2015,AKB48,アイドル,女性グループ,
2015,BABYMETAL,J-POP,グループ,
2015,BREAKERZ,ロック/バンド,バンド,
2015,BUMP OF CHICKEN,ロック/バンド,バンド,
2015,BoA,不明,不明,
2015,E-girls,J-POP,グループ,
2015,EXILE,J-POP,グループ,
2015,GENERATIONS,不明,不明,
2015,GENERATIONS from EXILE TRIBE,J-POP,グループ,
2015,HKT48,アイドル,女性グループ,
2015,Hey! Say! JUMP,アイドル,男性グループ,
2015,JUJU,不明,不明,
2015,KABA.ちゃん,不明,不明,
2015,KANA-BOON,ロック/バンド,バンド,
2015,KAT-TUN,アイドル,男性グループ,
2015,KinKi Kids,アイドル,男性グループ,
2015,Kis-My-Ft2,アイドル,男性グループ,
2015,L'Arc〜en〜Ciel,ロック/バンド,バンド,
2015,MISIA,不明,不明,
2015,Mr.Children,ロック/バンド,バンド,1989
2015,NEWS,不明,不明,
2015,NMB48,アイドル,女性グループ,
2015,Perfume,アイドル,女性グループ,1999
2015,SEKAI NO OWARI,ロック/バンド,バンド,
2015,SMAP,アイドル,男性グループ,
2015,Sexy Zone,アイドル,男性グループ,2011
2015,Superfly,不明,不明,
2015,TOKIO,アイドル,男性グループ,
2015,V6,不明,不明,
2015,X JAPAN,ロック/バンド,バンド,
2015,YUKI,不明,不明,
2015,aiko,不明,不明,
2015,back number,ロック/バンド,バンド,
2015,miwa,不明,不明,
2015,,,,
2015,μ's,J-POP,グループ,
2015,いきものがかり,J-POP,グループ,
2015,きゃりーぱみゅぱみゅ,不明,不明,
2015,ゆず,不明,不明,
2015,クリス松村,不明,不明,
2015,ゲスの極み乙女。,ロック/バンド,バンド,
2015,コブクロ,不明,不明,
2015,ゴールデンボンバー,ロック/バンド,バンド,
2015,ジャニーズWEST,アイドル,男性グループ,2011
2015,タッキー&翼,アイドル,男性グループ,
2015,ナオト・インティライミ,不明,不明,
2015,ポルノグラフィティ,ロック/バンド,バンド,
2015,レベッカ,不明,不明,
2015,三代目 J Soul Brothers,J-POP,グループ,2010
2015,三代目 J Soul Brothers from EXILE TRIBE,J-POP,グループ,2010
2015,三山ひろし,不明,不明,
2015,乃木坂46,アイドル,女性グループ,
2015,五木ひろし,不明,不明,
2015,今井美樹,不明,不明,
2015,伍代夏子,不明,不明,
2015,和田アキ子,不明,不明,
2015,坂本冬美,不明,不明,
2015,大原櫻子,不明,不明,
2015,天童よしみ,不明,不明,
2015,家入レオ,ソロシンガー,女性ソロ,
2015,小林幸子,不明,不明,
2015,山内惠介,不明,不明,
2015,山本彩,アイドル,女性グループ,
2015,島津亜矢,不明,不明,
2015,嵐,不明,不明,
2015,平井堅,不明,不明,
2015,德永英明,不明,不明,
2015,星野源,ロック/バンド,バンド,
2015,松田聖子,不明,不明,
2015,森進一,不明,不明,
2015,椎名林檎,ロック/バンド,バンド,
2015,槇原敬之,ソロシンガー,男性ソロ,
2015,氣志團,ロック/バンド,バンド,
2015,水森かおり,不明,不明,
2015,氷川きよし,不明,不明,
2015,浜田ばみゅばみゅ,ロック/バンド,バンド,
2015,石川さゆり,不明,不明,
2015,福山雅治,不明,不明,
2015,秦基博,ソロシンガー,男性ソロ,
2015,稲葉浩志,不明,不明,
2015,細川たかし,不明,不明,
2015,美輪明宏,不明,不明,
2015,藤あや子,不明,不明,
2015,西内まりや,不明,不明,
2015,西野カナ,ソロシンガー,女性ソロ,
2015,近藤真彦,不明,不明,
2015,郷ひろみ,ソロシンガー,男性ソロ,
2015,関ジャニ∞,アイドル,男性グループ,
2015,髙橋真梨子,不明,不明,
2016,AAA,不明,不明,
2016,AI,不明,不明,
2016,AKB48,アイドル,女性グループ,
2016,DAIGO,ソロシンガー,男性ソロ,
2016,E-girls,J-POP,グループ,
2016,EXILE THE SECOND,J-POP,グループ,
2016,GENERATIONS,不明,不明,
2016,GENERATIONS from EXILE TRIBE,J-POP,グループ,
2016,HKT48,アイドル,女性グループ,
2016,Hey! Say! JUMP,アイドル,男性グループ,
2016,JUJU,不明,不明,
2016,JUJU×沢村一樹,不明,不明,
2016,KinKi Kids,アイドル,男性グループ,
2016,Kis-My-Ft2,アイドル,男性グループ,
2016,L'Arc〜en〜Ciel,ロック/バンド,バンド,
2016,NEWS,不明,不明,
2016,NMB48,アイドル,女性グループ,
2016,PUFFY,不明,不明,
2016,Perfume,アイドル,女性グループ,1999
2016,RADIO FISH,不明,不明,
2016,RADWIMPS,ロック/バンド,バンド,
2016,SEKAI NO OWARI,ロック/バンド,バンド,
2016,SKE48,アイドル,女性グループ,
2016,Sexy Zone,アイドル,男性グループ,2011
2016,THE YELLOW MONKEY,ロック/バンド,バンド,1988
2016,TOKIO,アイドル,男性グループ,
2016,V6,不明,不明,
2016,X JAPAN,ロック/バンド,バンド,
2016,aiko,不明,不明,
2016,back number,ロック/バンド,バンド,
2016,miwa,不明,不明,
2016,,,,
2016,いきものがかり,J-POP,グループ,
2016,きゃりーぱみゅぱみゅ,不明,不明,
2016,ゆず,不明,不明,
2016,コブクロ,不明,不明,
2016,ゴールデンボンバー,ロック/バンド,バンド,
2016,ジャニーズWEST,アイドル,男性グループ,2011
2016,スキマスイッチ×奥田民生,不明,不明,
2016,スティング,不明,不明,
2016,ピコ太郎,不明,不明,
2016,ポルノグラフィティ,ロック/バンド,バンド,
2016,三代目 J Soul Brothers,J-POP,グループ,2010
2016,三代目 J Soul Brothers from EXILE TRIBE,J-POP,グループ,2010
2016,三山ひろし,不明,不明,
2016,上白石萌音,不明,不明,
2016,乃木坂46,アイドル,女性グループ,
2016,五木ひろし,不明,不明,
2016,坂本冬美,不明,不明,
2016,大竹しのぶ,不明,不明,
2016,大黒摩季,不明,不明,
2016,天童よしみ,不明,不明,
2016,宇多田ヒカル,不明,不明,
2016,家入レオ,ソロシンガー,女性ソロ,
2016,小室哲哉+HYDE,不明,不明,
2016,山内惠介,不明,不明,
2016,島津亜矢,不明,不明,
2016,嵐,不明,不明,
2016,市川由紀乃,不明,不明,
2016,平井堅,不明,不明,
2016,星野源,ロック/バンド,バンド,
2016,松下奈緒,不明,不明,
2016,松田聖子,不明,不明,
2016,桐谷健太,不明,不明,
2016,桑田佳祐,ロック/バンド,バンド,
2016,森山良子×森山直太朗,不明,不明,
2016,椎名林檎,ロック/バンド,バンド,
2016,欅坂46,アイドル,女性グループ,
2016,水森かおり,不明,不明,
2016,氷川きよし,不明,不明,
2016,渡辺直美,不明,不明,
2016,石川さゆり,不明,不明,
2016,福山雅治,不明,不明,
2016,福田こうへい,不明,不明,
2016,秦基博,ソロシンガー,男性ソロ,
2016,絢香,ソロシンガー,女性ソロ,
2016,藤原さくら,不明,不明,
2016,西内まりや,不明,不明,
2016,西野カナ,ソロシンガー,女性ソロ,
2016,郷ひろみ,ソロシンガー,男性ソロ,
2016,関ジャニ∞,アイドル,男性グループ,
2016,香西かおり,不明,不明,
2016,髙橋真梨子,不明,不明,
2016,［Alexandros］,ロック/バンド,バンド,
2017,AI × 渡辺直美,不明,不明,
2017,AI×渡辺直美,不明,不明,
2017,AKB48,アイドル,女性グループ,
2017,BTS,不明,不明,
2017,B’z,不明,不明,
2017,DAOKO,不明,不明,
2017,DEAN FUJIOKA,不明,不明,
2017,E-girls,J-POP,グループ,
2017,EXILE THE SECOND,J-POP,グループ,
2017,GENERATIONS,不明,不明,
2017,GENERATIONS from EXILE TRIBE,J-POP,グループ,
2017,HIKAKIN & SEIKIN,J-POP,グループ,
2017,Hey! Say! JUMP,アイドル,男性グループ,
2017,KinKi Kids,アイドル,男性グループ,
2017,Kis-My-Ft2,アイドル,男性グループ,
2017,LUNA SEA,ロック/バンド,バンド,1992
2017,Little Glee Monster,J-POP,グループ,
2017,MIGHTY WARRIORS,不明,不明,
2017,NEWS,不明,不明,
2017,NGT48,アイドル,女性グループ,
2017,Perfume,アイドル,女性グループ,1999
2017,RADIO FISH,不明,不明,
2017,SEKAI NO OWARI,ロック/バンド,バンド,
2017,SHISHAMO,ロック/バンド,バンド,
2017,Sexy Zone,アイドル,男性グループ,2011
2017,SixTONES,アイドル,男性グループ,
2017,Snow Man,アイドル,男性グループ,
2017,Superfly,不明,不明,
2017,TAKAHIRO,不明,不明,
2017,THE YELLOW MONKEY,ロック/バンド,バンド,1988
2017,TOKIO,アイドル,男性グループ,
2017,TWICE,J-POP,グループ,2007
2017,WANIMA,ロック/バンド,バンド,
2017,X JAPAN,ロック/バンド,バンド,
2017,aiko,不明,不明,
2017,back number,ロック/バンド,バンド,
2017,,,,
2017,きゃりーぱみゅぱみゅ,不明,不明,
2017,どうぶつビスケッツ×PPP,不明,不明,
2017,ゆず,不明,不明,
2017,エレファントカシマシ,ロック/バンド,バンド,
2017,オースティン・マホーン,不明,不明,
2017,ゲスの極み乙女。,ロック/バンド,バンド,
2017,ゴールデンボンバー,ロック/バンド,バンド,
2017,ジャニーズWEST,アイドル,男性グループ,2011
2017,スチャダラパー,J-POP,グループ,
2017,トータス松本,ロック/バンド,バンド,
2017,ブルゾンちえみ with B,不明,不明,
2017,ポルノグラフィティ,ロック/バンド,バンド,
2017,モーニング娘。'17,不明,不明,
2017,三代目 J Soul Brothers,J-POP,グループ,2010
2017,三代目 J Soul Brothers from EXILE TRIBE,J-POP,グループ,2010
2017,三山ひろし,不明,不明,
2017,三浦大知,不明,不明,
2017,丘みどり,不明,不明,
2017,中丸雄一,アイドル,男性グループ,
2017,乃木坂46,アイドル,女性グループ,
2017,亀と山P,アイドル,男性グループ,
2017,五木ひろし,不明,不明,
2017,修二と彰,アイドル,男性グループ,
2017,倉木麻衣,ソロシンガー,女性ソロ,
2017,坂本冬美,不明,不明,
2017,堺正章,不明,不明,
2017,増田恵子,不明,不明,
2017,天童よしみ,不明,不明,
2017,安室奈美恵,不明,不明,
2017,小沢健二,不明,不明,
2017,山内惠介,不明,不明,
2017,岡崎体育,ソロシンガー,男性ソロ,
2017,島津亜矢,不明,不明,
2017,嵐,不明,不明,
2017,市川由紀乃,不明,不明,
2017,平井堅,不明,不明,
2017,昆夏美 & 山崎育三郎,不明,不明,
2017,星野源,ロック/バンド,バンド,
2017,松たか子,不明,不明,
2017,松田聖子,不明,不明,
2017,桑田佳祐,ロック/バンド,バンド,
2017,梅沢富美男,不明,不明,
2017,椎名林檎,ロック/バンド,バンド,
2017,椎名林檎と松崎ナオ,不明,不明,
2017,欅坂46,アイドル,女性グループ,
2017,水森かおり,不明,不明,
2017,氷川きよし,不明,不明,
2017,石川さゆり,不明,不明,
2017,福山雅治,不明,不明,
2017,福田こうへい,不明,不明,
2017,竹原ピストル,不明,不明,
2017,荻野目洋子,不明,不明,
2017,荻野目洋子×登美丘高校ダンス部,不明,不明,
2017,西野カナ,ソロシンガー,女性ソロ,
2017,郷ひろみ,ソロシンガー,男性ソロ,
2017,関ジャニ∞,アイドル,男性グループ,
2017,高橋優,不明,不明,
2017,髙橋真梨子,不明,不明,
2018,AAA,不明,不明,
2018,AKB48,アイドル,女性グループ,
2018,Aqours,J-POP,グループ,
2018,B.B.クィーンズ,ロック/バンド,バンド,
2018,Boyz II Men,J-POP,グループ,
2018,CHEMISTRY,不明,不明,
2018,DA PUMP,J-POP,グループ,
2018,DAOKO,不明,不明,
2018,E-girls,J-POP,グループ,
2018,EXILE,J-POP,グループ,
2018,EXILE ATSUSHI,不明,不明,
2018,GENERATIONS,不明,不明,
2018,GENERATIONS from EXILE TRIBE,J-POP,グループ,
2018,HIKAKIN & SEIKIN,J-POP,グループ,
2018,Hey! Say! JUMP,アイドル,男性グループ,
2018,KAT-TUN,アイドル,男性グループ,
2018,KICK THE CAN CREW,J-POP,グループ,
2018,KinKi Kids,アイドル,男性グループ,
2018,King & Prince,アイドル,男性グループ,
2018,Kiroro,J-POP,グループ,
2018,Kis-My-Ft2,アイドル,男性グループ,
2018,Little Glee Monster,J-POP,グループ,
2018,MISIA,不明,不明,
2018,May J.,不明,不明,
2018,NEWS,不明,不明,
2018,Perfume,アイドル,女性グループ,1999
2018,SEKAI NO OWARI,ロック/バンド,バンド,
2018,Sexy Zone,アイドル,男性グループ,2011
2018,Suchmos,ロック/バンド,バンド,
2018,Superfly,不明,不明,
2018,TWICE,J-POP,グループ,2007
2018,WANIMA,ロック/バンド,バンド,
2018,YOSHIKI feat. HYDE,不明,不明,
2018,YOSHIKI feat. サラ・ブライトマン,不明,不明,
2018,aiko,不明,不明,
2018,,,,
2018,あいみょん,不明,不明,
2018,いきものがかり,J-POP,グループ,
2018,ゆず,不明,不明,
2018,キアラ・セトル,不明,不明,
2018,コブクロ,不明,不明,
2018,ゴールデンボンバー,ロック/バンド,バンド,
2018,サザンオールスターズ,ロック/バンド,バンド,
2018,ジャニーズWEST,アイドル,男性グループ,2011
2018,スガシカオ,不明,不明,
2018,スキマスイッチ,不明,不明,
2018,ポルノグラフィティ,ロック/バンド,バンド,
2018,三代目 J Soul Brothers,J-POP,グループ,2010
2018,三山ひろし,不明,不明,
2018,三浦大知,不明,不明,
2018,丘みどり,不明,不明,
2018,乃木坂46,アイドル,女性グループ,
2018,五木ひろし,不明,不明,
2018,刀剣男士,不明,不明,
2018,北島三郎,不明,不明,
2018,北島兄弟,不明,不明,
2018,和楽器バンド,ロック/バンド,バンド,
2018,坂本冬美,不明,不明,
2018,天童よしみ,不明,不明,
2018,宮本浩次,不明,不明,
2018,山内惠介,不明,不明,
2018,島津亜矢,不明,不明,
2018,嵐,不明,不明,
2018,嶋大輔,不明,不明,
2018,平井堅,不明,不明,
2018,広瀬香美,不明,不明,
2018,星野源,ロック/バンド,バンド,
2018,東京スカパラダイスオーケストラ feat.さかなクン,不明,不明,
2018,松任谷由実,不明,不明,
2018,松田聖子,不明,不明,
2018,椎名林檎,ロック/バンド,バンド,
2018,欅坂46,アイドル,女性グループ,
2018,武田真治,不明,不明,
2018,水森かおり,不明,不明,
2018,氷川きよし,不明,不明,
2018,石川さゆり,不明,不明,
2018,福山雅治,不明,不明,
2018,米津玄師,不明,不明,
2018,純烈,J-POP,グループ,
2018,菅田将暉,不明,不明,
2018,西野カナ,ソロシンガー,女性ソロ,
2018,郷ひろみ,ソロシンガー,男性ソロ,
2018,関ジャニ∞,アイドル,男性グループ,
2018,青山テルマ,ソロシンガー,女性ソロ,
2018,高橋洋子,不明,不明,
2019,A.B.C-Z,アイドル,男性グループ,
2019,AI,不明,不明,
2019,AI美空ひばり,不明,不明,
2019,AKB48,アイドル,女性グループ,
2019,BABYMETAL,J-POP,グループ,
2019,BARBEE BOYS,ロック/バンド,バンド,1984
2019,BLUE ENCOUNT,ロック/バンド,バンド,
2019,CHEMISTRY,不明,不明,
2019,DA PUMP,J-POP,グループ,
2019,DEAN FUJIOKA,不明,不明,
2019,DJ松永（Creepy Nuts）,不明,不明,
2019,E-girls,J-POP,グループ,
2019,EXILE,J-POP,グループ,
2019,Foorin,不明,不明,
2019,GENERATIONS,不明,不明,
2019,GENERATIONS from EXILE TRIBE,J-POP,グループ,
2019,HIKAKIN & SEIKIN,J-POP,グループ,
2019,Hey! Say! JUMP,アイドル,男性グループ,
2019,KAT-TUN,アイドル,男性グループ,
2019,KREVA,不明,不明,
2019,KinKi Kids,アイドル,男性グループ,
2019,King & Prince,アイドル,男性グループ,
2019,King Gnu,ロック/バンド,バンド,
2019,Kis-My-Ft2,アイドル,男性グループ,
2019,LUNA SEA,ロック/バンド,バンド,1992
2019,LiSA,不明,不明,
2019,Little Glee Monster,J-POP,グループ,
2019,MAN WITH A MISSION,ロック/バンド,バンド,
2019,MISIA,不明,不明,
2019,MIYAVI,不明,不明,
2019,Matt,不明,不明,
2019,NEWS,不明,不明,
2019,Official髭男dism,ロック/バンド,バンド,
2019,Perfume,アイドル,女性グループ,1999
2019,RADWIMPS,ロック/バンド,バンド,
2019,SEKAI NO OWARI,ロック/バンド,バンド,
2019,Sexy Zone,アイドル,男性グループ,2011
2019,SixTONES,アイドル,男性グループ,
2019,SixTONES vs Snow Man,不明,不明,
2019,Snow Man,アイドル,男性グループ,
2019,Superfly,不明,不明,
2019,THE RAMPAGE,不明,不明,
2019,THE RAMPAGE from EXILE TRIBE,J-POP,グループ,
2019,THE YELLOW MONKEY,ロック/バンド,バンド,1988
2019,TWICE,J-POP,グループ,2007
2019,Toshl,ロック/バンド,バンド,
2019,V6,不明,不明,
2019,WANIMA,ロック/バンド,バンド,
2019,YOSHIKI feat. KISS <YOSHIKISS>,不明,不明,
2019,aiko,不明,不明,
2019,m-flo,J-POP,グループ,
2019,milet,不明,不明,
2019,いきものがかり,J-POP,グループ,
2019,おしりたんてい,不明,不明,
2019,きゃりーぱみゅぱみゅ,不明,不明,
2019,ゆず,不明,不明,
2019,コブクロ,不明,不明,
2019,ゴスペラーズ,J-POP,グループ,
2019,ゴールデンボンバー,ロック/バンド,バンド,
2019,ジェジュン,ソロシンガー,男性ソロ,
2019,ジャニーズJr.,不明,不明,
2019,ジャニーズWEST,アイドル,男性グループ,2011
2019,スキマスイッチ,不明,不明,
2019,ダイアモンド☆ユカイ,不明,不明,
2019,ビートたけし,不明,不明,
2019,一青窈,不明,不明,
2019,三代目 J SOUL BROTHERS,J-POP,グループ,2010
2019,三代目 J SOUL BROTHERS from EXILE TRIBE,J-POP,グループ,2010
2019,三山ひろし,不明,不明,
2019,三浦大知,不明,不明,
2019,三浦祐太朗,ロック/バンド,バンド,
2019,丘みどり,不明,不明,
2019,中元みずき,不明,不明,
2019,中村倫也&木下晴香,不明,不明,
2019,乃木坂46,アイドル,女性グループ,
2019,五木ひろし,不明,不明,
2019,倉木麻衣,ソロシンガー,女性ソロ,
2019,倖田來未,不明,不明,
2019,和楽器バンド,ロック/バンド,バンド,
2019,坂本冬美,不明,不明,
2019,天童よしみ,不明,不明,
2019,宮本浩次,不明,不明,
2019,小沢健二,不明,不明,
2019,山下智久,アイドル,男性グループ,
2019,山内惠介,不明,不明,
2019,山崎育三郎,不明,不明,
2019,島津亜矢,不明,不明,
2019,嵐,不明,不明,
2019,平井堅,不明,不明,
2019,平井大,不明,不明,
2019,平手友梨奈（欅坂46）,不明,不明,
2019,日向坂46,アイドル,女性グループ,
2019,星野源,ロック/バンド,バンド,
2019,木村カエラ,不明,不明,
2019,東京スカパラダイスオーケストラ,ロック/バンド,バンド,
2019,松任谷由実,不明,不明,
2019,松田聖子,不明,不明,
2019,森山直太朗,ソロシンガー,男性ソロ,
2019,椎名林檎,ロック/バンド,バンド,
2019,槇原敬之,ソロシンガー,男性ソロ,
2019,欅坂46,アイドル,女性グループ,
2019,水森かおり,不明,不明,
2019,氷川きよし,不明,不明,
2019,石丸幹二,不明,不明,
2019,石川さゆり,不明,不明,
2019,福山雅治,不明,不明,
2019,秦基博,ソロシンガー,男性ソロ,
2019,竹内まりや,不明,不明,
2019,純烈,J-POP,グループ,
2019,花*花,不明,不明,
2019,荻野目洋子,不明,不明,
2019,菅田将暉,不明,不明,
2019,郷ひろみ,ソロシンガー,男性ソロ,
2019,関ジャニ∞,アイドル,男性グループ,
2019,麻倉未稀,不明,不明,
2020,A.B.C-Z,アイドル,男性グループ,
2020,AI,不明,不明,
2020,AKB48,アイドル,女性グループ,
2020,BABYMETAL,J-POP,グループ,
2020,BTS,不明,不明,
2020,BoA,不明,不明,
2020,CHEMISTRY,不明,不明,
2020,DA PUMP,J-POP,グループ,
2020,DISH//,ロック/バンド,バンド,
2020,E-girls,J-POP,グループ,
2020,EXILE,J-POP,グループ,
2020,Foorin,不明,不明,
2020,GENERATIONS,不明,不明,
2020,GENERATIONS from EXILE TRIBE,J-POP,グループ,
2020,GReeeeN,J-POP,グループ,
2020,HIKAKIN & SEIKIN,J-POP,グループ,
2020,Hey! Say! JUMP,アイドル,男性グループ,
2020,Hey!Say!JUMP,アイドル,男性グループ,
2020,IZ*ONE,アイドル,女性グループ,
2020,JUJU,不明,不明,
2020,Jr.EXILE,J-POP,グループ,
2020,KAT-TUN,アイドル,男性グループ,
2020,KinKi Kids,アイドル,男性グループ,
2020,King & Prince,アイドル,男性グループ,
2020,King Gnu,ロック/バンド,バンド,
2020,Kis-My-Ft2,アイドル,男性グループ,
2020,LiSA,不明,不明,
2020,Little Glee Monster,J-POP,グループ,
2020,MISIA,不明,不明,
2020,Mr.Children,ロック/バンド,バンド,1989
2020,NEWS,不明,不明,
2020,NiziU,J-POP,グループ,
2020,Official髭男dism,ロック/バンド,バンド,
2020,Perfume,アイドル,女性グループ,1999
2020,SEKAI NO OWARI,ロック/バンド,バンド,
2020,Sexy Zone,アイドル,男性グループ,2011
2020,SixTONES,アイドル,男性グループ,
2020,Snow Man,アイドル,男性グループ,
2020,Superfly,不明,不明,
2020,THE RAMPAGE,不明,不明,
2020,TOMORROW X TOGETHER,J-POP,グループ,
2020,Toshl,ロック/バンド,バンド,
2020,Uru,ソロシンガー,女性ソロ,
2020,V6,不明,不明,
2020,YOASOBI,不明,不明,
2020,YOSHIKI,ロック/バンド,バンド,
2020,aiko,不明,不明,
2020,milet,不明,不明,
2020,,,,
2020,あいみょん,不明,不明,
2020,いきものがかり,J-POP,グループ,
2020,さだまさし,不明,不明,
2020,ゆず,不明,不明,
2020,コブクロ,不明,不明,
2020,ゴールデンボンバー,ロック/バンド,バンド,
2020,ジェジュン,ソロシンガー,男性ソロ,
2020,ジャニーズWEST,アイドル,男性グループ,2011
2020,ナオト・インティライミ,不明,不明,
2020,ビリー・アイリッシュ,不明,不明,
2020,マカロニえんぴつ,ロック/バンド,バンド,
2020,三代目 J SOUL BROTHERS,J-POP,グループ,2010
2020,三代目 J SOUL BROTHERS from EXILE TRIBE,J-POP,グループ,2010
2020,三山ひろし,不明,不明,
2020,三浦大知,不明,不明,
2020,乃木坂46,アイドル,女性グループ,
2020,久保田利伸,不明,不明,
2020,五木ひろし,不明,不明,
2020,坂本冬美,不明,不明,
2020,天童よしみ,不明,不明,
2020,宮本浩次,不明,不明,
2020,家入レオ,ソロシンガー,女性ソロ,
2020,小沢健二,不明,不明,
2020,山内惠介,不明,不明,
2020,嵐,不明,不明,
2020,広瀬香美,不明,不明,
2020,日向坂46,アイドル,女性グループ,
2020,星野源,ロック/バンド,バンド,
2020,東京スカパラダイスオーケストラ feat.川上洋平,不明,不明,
2020,東京事変,ロック/バンド,バンド,
2020,松任谷由実,不明,不明,
2020,松田聖子,不明,不明,
2020,柴咲コウ,不明,不明,
2020,森七菜,不明,不明,
2020,櫻坂46,アイドル,女性グループ,
2020,水森かおり,不明,不明,
2020,氷川きよし,不明,不明,
2020,池田エライザ,不明,不明,
2020,清塚信也,不明,不明,
2020,玉置浩二,ロック/バンド,バンド,
2020,瑛人,不明,不明,
2020,石丸幹二,不明,不明,
2020,石川さゆり,不明,不明,
2020,福山雅治,不明,不明,
2020,純烈,J-POP,グループ,
2020,絢香,ソロシンガー,女性ソロ,
2020,郷ひろみ,ソロシンガー,男性ソロ,
2020,鈴木雅之,不明,不明,
2020,関ジャニ∞,アイドル,男性グループ,
2020,高嶋ちさ子,不明,不明,
2020,［Alexandros］,ロック/バンド,バンド,
2021,A.B.C-Z,アイドル,男性グループ,
2021,AI,不明,不明,
2021,AKB48,アイドル,女性グループ,
2021,Awesome City Club,ロック/バンド,バンド,
2021,Awesome City Club × 宮本笑里,不明,不明,
2021,BE:FIRST,不明,不明,
2021,BLOOM VASE,不明,不明,
2021,BUMP OF CHICKEN,ロック/バンド,バンド,
2021,BiSH,ロック/バンド,バンド,
2021,Creepy Nuts,J-POP,グループ,
2021,DA PUMP,J-POP,グループ,
2021,DISH//,ロック/バンド,バンド,
2021,Def Tech,不明,不明,
2021,EXILE,J-POP,グループ,
2021,EXILE×三代目 J SOUL BROTHERS,不明,不明,
2021,EXIT,不明,不明,
2021,GENERATIONS,不明,不明,
2021,GENERATIONS from EXILE TRIBE,J-POP,グループ,
2021,Hey! Say! JUMP,アイドル,男性グループ,
2021,J-FRIENDS,不明,不明,
2021,JUJU,不明,不明,
2021,Jr.EXILE（GENERATIONS、THE RAMPAGE、FANTASTICS、BALLISTIK BOYZ）,不明,不明,
2021,KAT-TUN,アイドル,男性グループ,
2021,KinKi Kids,アイドル,男性グループ,
2021,King & Prince,アイドル,男性グループ,
2021,King Gnu,ロック/バンド,バンド,
2021,Kis-My-Ft2,アイドル,男性グループ,
2021,L'Arc〜en〜Ciel,ロック/バンド,バンド,
2021,LiSA,不明,不明,
2021,Little Glee Monster,J-POP,グループ,
2021,MISIA,不明,不明,
2021,Mr.Children,ロック/バンド,バンド,1989
2021,NEWS,不明,不明,
2021,NiziU,J-POP,グループ,
2021,ORANGE RANGE,ロック/バンド,バンド,
2021,Perfume,アイドル,女性グループ,1999
2021,SEKAI NO OWARI,ロック/バンド,バンド,
2021,SMAP,アイドル,男性グループ,
2021,Sexy Zone,アイドル,男性グループ,2011
2021,SexyZone × モーニング娘。,不明,不明,
2021,SixTONES,アイドル,男性グループ,
2021,Snow Man,アイドル,男性グループ,
2021,THE RAMPAGE,不明,不明,
2021,TOKIO,アイドル,男性グループ,
2021,TOMORROW X TOGETHER,J-POP,グループ,
2021,TWICE,J-POP,グループ,2007
2021,Toshl,ロック/バンド,バンド,
2021,UVERworld,ロック/バンド,バンド,
2021,V6,不明,不明,
2021,YOASOBI,不明,不明,
2021,YOASOBI with ミドリーズ,不明,不明,
2021,aiko,不明,不明,
2021,milet,不明,不明,
2021,millennium parade × Belle,不明,不明,
2021,あいみょん,不明,不明,
2021,いきものがかり,J-POP,グループ,
2021,さだまさし,不明,不明,
2021,なにわ男子,アイドル,男性グループ,
2021,ひらめ,不明,不明,
2021,まふまふ,ソロシンガー,男性ソロ,
2021,ゆず,不明,不明,
2021,ケツメイシ,J-POP,グループ,
2021,ゴスペラーズ,J-POP,グループ,
2021,ゴスペラーズ×Little Glee Monster,不明,不明,
2021,ジェジュン,ソロシンガー,男性ソロ,
2021,ジャニーズWEST,アイドル,男性グループ,2011
2021,スガシカオ,不明,不明,
2021,ポルノグラフィティ,ロック/バンド,バンド,
2021,マカロニえんぴつ,ロック/バンド,バンド,
2021,三代目 J SOUL BROTHERS,J-POP,グループ,2010
2021,三代目 J SOUL BROTHERS from EXILE TRIBE,J-POP,グループ,2010
2021,三山ひろし,不明,不明,
2021,三浦大知,不明,不明,
2021,上白石萌音,不明,不明,
2021,中丸雄一,アイドル,男性グループ,
2021,中島美嘉,不明,不明,
2021,乃木坂46,アイドル,女性グループ,
2021,優里,ソロシンガー,男性ソロ,
2021,坂本冬美,不明,不明,
2021,大塚愛,ロック/バンド,バンド,
2021,天童よしみ,不明,不明,
2021,宮本浩次,不明,不明,
2021,小沢健二,不明,不明,
2021,山内惠介,不明,不明,
2021,山田裕貴×葵わかな,不明,不明,
2021,嵐,不明,不明,
2021,嵐 × 乃木坂46,不明,不明,
2021,川崎鷹也,不明,不明,
2021,布袋寅泰,不明,不明,
2021,平井大,不明,不明,
2021,日向坂46,アイドル,女性グループ,
2021,星野源,ロック/バンド,バンド,
2021,村方乃々佳,不明,不明,
2021,東京事変,ロック/バンド,バンド,
2021,東京都交響楽団,不明,不明,
2021,松平健,不明,不明,
2021,桑田佳祐,ロック/バンド,バンド,
2021,森高千里,ロック/バンド,バンド,
2021,櫻井翔,アイドル,男性グループ,
2021,櫻坂46,アイドル,女性グループ,
2021,水森かおり,不明,不明,
2021,氷川きよし,不明,不明,
2021,浜崎あゆみ,不明,不明,
2021,清水美依紗,不明,不明,
2021,石丸幹二×長屋晴子（緑黄色社会）,不明,不明,
2021,石川さゆり,不明,不明,
2021,福山雅治,不明,不明,
2021,純烈,J-POP,グループ,
2021,細川たかし,不明,不明,
2021,緑黄色社会,ロック/バンド,バンド,
2021,薬師丸ひろ子,不明,不明,
2021,藤井風,不明,不明,
2021,西野カナ,ソロシンガー,女性ソロ,
2021,郷ひろみ,ソロシンガー,男性ソロ,
2021,鈴木雅之,不明,不明,
2021,関ジャニ∞,アイドル,男性グループ,
2021,高橋洋子,不明,不明,
2022,&TEAM,J-POP,グループ,
2022,10-FEET,ロック/バンド,バンド,
2022,A.B.C-Z,アイドル,男性グループ,
2022,AKB48,アイドル,女性グループ,
2022,Ado,不明,不明,
2022,Aimer,不明,不明,
2022,BE:FIRST,不明,不明,
2022,BiSH,ロック/バンド,バンド,
2022,DA PUMP,J-POP,グループ,
2022,DISH//,ロック/バンド,バンド,
2022,Da-iCE,J-POP,グループ,
2022,ELEVENPLAY,J-POP,グループ,
2022,FANTASTICS,ロック/バンド,バンド,1985
2022,FANTASTICS from EXILE TRIBE,J-POP,グループ,
2022,GENERATIONS,不明,不明,
2022,Gaho × THE BEAT GARDEN,不明,不明,
2022,Hey! Say! JUMP,アイドル,男性グループ,
2022,Hoodie fam,不明,不明,
2022,IVE,アイドル,女性グループ,
2022,JO1,J-POP,グループ,
2022,KARA,J-POP,グループ,2007
2022,KAT-TUN,アイドル,男性グループ,
2022,KinKi Kids,アイドル,男性グループ,
2022,King & Prince,アイドル,男性グループ,
2022,King Gnu,ロック/バンド,バンド,
2022,Kis-My-Ft2,アイドル,男性グループ,
2022,LE SSERAFIM,J-POP,グループ,
2022,Little Glee Monster,J-POP,グループ,
2022,MISIA,不明,不明,
2022,MIYAVI,不明,不明,
2022,Mirage Collective,不明,不明,
2022,Mrs. GREEN APPLE,ロック/バンド,バンド,
2022,NEWS,不明,不明,
2022,NiziU,J-POP,グループ,
2022,O-Zone,J-POP,グループ,
2022,Official髭男dism,ロック/バンド,バンド,
2022,Original Love & Ovall,不明,不明,
2022,PUFFY,不明,不明,
2022,Perfume,アイドル,女性グループ,1999
2022,SEKAI NO OWARI,ロック/バンド,バンド,
2022,SEVENTEEN,不明,不明,
2022,STU48,アイドル,女性グループ,
2022,Saucy Dog,ロック/バンド,バンド,
2022,Sexy Zone,アイドル,男性グループ,2011
2022,SixTONES,アイドル,男性グループ,
2022,Snow Man,アイドル,男性グループ,
2022,Stray Kids,J-POP,グループ,
2022,Superfly,不明,不明,
2022,THE LAST ROCKSTARS,不明,不明,
2022,THE RAMPAGE,不明,不明,
2022,THE RAMPAGE from EXILE TRIBE,J-POP,グループ,
2022,TWICE,J-POP,グループ,2007
2022,Tani Yuuki,不明,不明,
2022,Travis Japan,アイドル,男性グループ,
2022,Vaundy,不明,不明,
2022,YUKI,不明,不明,
2022,aiko,不明,不明,
2022,back number,ロック/バンド,バンド,
2022,milet,不明,不明,
2022,milet×Aimer×幾田りら×Vaundy,不明,不明,
2022,,,,
2022,yama,ロック/バンド,バンド,
2022,あいみょん,不明,不明,
2022,なにわ男子,アイドル,男性グループ,
2022,ゆず,不明,不明,
2022,ゆず×中川大志,不明,不明,
2022,ウタ,不明,不明,
2022,ゴスペラーズ×Little Glee Monster,不明,不明,
2022,ゴールデンボンバー,ロック/バンド,バンド,
2022,ジェジュン,ソロシンガー,男性ソロ,
2022,ジャニーズWEST,アイドル,男性グループ,2011
2022,ブラックビスケッツ,J-POP,グループ,
2022,ポルノグラフィティ,ロック/バンド,バンド,
2022,マカロニえんぴつ,ロック/バンド,バンド,
2022,レミオロメン,ロック/バンド,バンド,
2022,三山ひろし,不明,不明,
2022,三浦大知,不明,不明,
2022,中島美嘉,不明,不明,
2022,乃木坂46,アイドル,女性グループ,
2022,優里,ソロシンガー,男性ソロ,
2022,前田公輝×内田真礼×Cocomi,不明,不明,
2022,加山雄三,不明,不明,
2022,坂本冬美,不明,不明,
2022,大塚愛,ロック/バンド,バンド,
2022,天童よしみ,不明,不明,
2022,安全地帯,ロック/バンド,バンド,
2022,宮本浩次,不明,不明,
2022,小沢健二,不明,不明,
2022,山内惠介,不明,不明,
2022,工藤静香,不明,不明,
2022,工藤静香×Cocomi,不明,不明,
2022,広瀬香美,不明,不明,
2022,後藤真希,不明,不明,
2022,日向坂46,アイドル,女性グループ,
2022,星野源,ロック/バンド,バンド,
2022,松任谷由実 with 荒井由実,不明,不明,
2022,"桑田佳祐 feat. 佐野元春, 世良公則, Char, 野口五郎",不明,不明,
2022,櫻坂46,アイドル,女性グループ,
2022,水森かおり,不明,不明,
2022,氷川きよし,不明,不明,
2022,清塚信也,不明,不明,
2022,石丸幹二×アイナ・ジ・エンド,不明,不明,
2022,石川さゆり,不明,不明,
2022,福山雅治,不明,不明,
2022,篠原涼子,不明,不明,
2022,純烈（ダチョウ倶楽部・有吉弘行）,不明,不明,
2022,絢香×コブクロ,不明,不明,
2022,緑黄色社会,ロック/バンド,バンド,
2022,美炎-BIEN-,不明,不明,
2022,藤井風,不明,不明,
2022,西野カナ,ソロシンガー,女性ソロ,
2022,郷ひろみ,ソロシンガー,男性ソロ,
2022,鈴木雅之,不明,不明,
2022,関ジャニ∞,アイドル,男性グループ,
2023,&TEAM,J-POP,グループ,
2023,10-FEET,ロック/バンド,バンド,
2023,AI,不明,不明,
2023,Ado,不明,不明,
2023,"Awich, NENE, MaRI, AI & YURIYAN RETRIEVER",不明,不明,
2023,BE:FIRST,不明,不明,
2023,DA PUMP,J-POP,グループ,
2023,Da-iCE,J-POP,グループ,
2023,GENERATIONS,不明,不明,
2023,GENERATIONS from EXILE TRIBE,J-POP,グループ,
2023,IMP.,アイドル,男性グループ,
2023,JO1,J-POP,グループ,
2023,JUJU,不明,不明,
2023,Kep1er,J-POP,グループ,
2023,KinKi Kids,アイドル,男性グループ,
2023,KinKi Kids×King & Prince,不明,不明,
2023,King & Prince,アイドル,男性グループ,
2023,King Gnu,ロック/バンド,バンド,
2023,L'Arc〜en〜Ciel,ロック/バンド,バンド,
2023,LE SSERAFIM,J-POP,グループ,
2023,Little Glee Monster,J-POP,グループ,
2023,MAN WITH A MISSION × milet,不明,不明,
2023,MIKIKO×Rhizomatiks×三浦大知×SP Dancers×ELEVENPLAY×Perfume,不明,不明,
2023,MISAMO,J-POP,グループ,
2023,MISIA,不明,不明,
2023,Mrs. GREEN APPLE,ロック/バンド,バンド,
2023,NewJeans,J-POP,グループ,
2023,NiziU,J-POP,グループ,
2023,Official髭男dism,ロック/バンド,バンド,
2023,Perfume,アイドル,女性グループ,1999
2023,Rockon Social Club,ロック/バンド,バンド,
2023,SEKAI NO OWARI,ロック/バンド,バンド,
2023,SEVENTEEN,不明,不明,
2023,SKY-HI×Nissy,不明,不明,
2023,SUPER BEAVER,ロック/バンド,バンド,
2023,Saucy Dog,ロック/バンド,バンド,
2023,Sexy Zone,アイドル,男性グループ,2011
2023,SixTONES,アイドル,男性グループ,
2023,Snow Man,アイドル,男性グループ,
2023,Stray Kids,J-POP,グループ,
2023,Stray Kids×LiSA,不明,不明,
2023,Superfly,不明,不明,
2023,THE RAMPAGE,不明,不明,
2023,Toshl,ロック/バンド,バンド,
2023,YOASOBI,不明,不明,
2023,YOSHIKI,ロック/バンド,バンド,
2023,aiko,不明,不明,
2023,ano,J-POP,グループ,
2023,milet × MAN WITH A MISSION,不明,不明,
2023,yama,ロック/バンド,バンド,
2023,あいみょん,不明,不明,
2023,いきものがかり,J-POP,グループ,
2023,さだまさし,不明,不明,
2023,すとぷり,J-POP,グループ,
2023,ちゃんみな,不明,不明,
2023,なにわ男子,アイドル,男性グループ,
2023,ゆず,不明,不明,
2023,エレファントカシマシ,ロック/バンド,バンド,
2023,キタニタツヤ,不明,不明,
2023,キョコロヒー,不明,不明,
2023,クイーン+アダム・ランバート,ロック/バンド,バンド,
2023,ゴールデンボンバー,ロック/バンド,バンド,
2023,ジェジュン,ソロシンガー,男性ソロ,
2023,ハマいく,不明,不明,
2023,ポケットビスケッツ&ブラックビスケッツ,不明,不明,
2023,マカロニえんぴつ,ロック/バンド,バンド,
2023,モーニング娘。MステSPユニット（モーニング娘。’23＆OGメンバー）,不明,不明,
2023,三山ひろし,不明,不明,
2023,三浦大知,不明,不明,
2023,乃木坂46,アイドル,女性グループ,
2023,伊藤蘭,不明,不明,
2023,優里,ソロシンガー,男性ソロ,
2023,坂本冬美,不明,不明,
2023,大泉洋,不明,不明,
2023,大泉洋、大森元貴、LE SSERAFIM,不明,不明,
2023,天童よしみ,不明,不明,
2023,寺尾聰,不明,不明,
2023,山内惠介,不明,不明,
2023,山寺宏一、櫻坂46、Stray Kids,不明,不明,
2023,新しい学校のリーダーズ,J-POP,グループ,
2023,日向坂46,アイドル,女性グループ,
2023,昆夏美×山崎育三郎,不明,不明,
2023,星野源,ロック/バンド,バンド,
2023,有吉弘行×藤井フミヤ,不明,不明,
2023,椎名林檎,ロック/バンド,バンド,
2023,橋本環奈、浜辺美波,不明,不明,
2023,櫻坂46,アイドル,女性グループ,
2023,水森かおり,不明,不明,
2023,清水美依紗,不明,不明,
2023,生田絵梨花,アイドル,女性グループ,
2023,由薫,不明,不明,
2023,石川さゆり,不明,不明,
2023,福山雅治,不明,不明,
2023,紅白有志の皆さん,不明,不明,
2023,純烈,J-POP,グループ,
2023,緑黄色社会,ロック/バンド,バンド,
2023,薬師丸ひろ子,不明,不明,
2023,藤井フミヤ,不明,不明,
2023,豊原江理佳,不明,不明,
2023,郷ひろみ,ソロシンガー,男性ソロ,
2023,鈴木雅之,不明,不明,
2023,関ジャニ∞,アイドル,男性グループ,
2024,&TEAM,J-POP,グループ,
2024,AI,不明,不明,
2024,Awich,不明,不明,
2024,Aぇ! group,アイドル,男性グループ,
2024,B'z,不明,不明,
2024,BE:FIRST,不明,不明,
2024,BOYNEXTDOOR,J-POP,グループ,
2024,B小町,不明,不明,
2024,CANDY TUNE,アイドル,女性グループ,
2024,CUTIE STREET,アイドル,女性グループ,
2024,Creepy Nuts,J-POP,グループ,
2024,Da-iCE,J-POP,グループ,
2024,Da-iCE、ME:I,不明,不明,
2024,FRUITS ZIPPER,アイドル,女性グループ,
2024,GENERATIONS,不明,不明,
2024,GLAY,ロック/バンド,バンド,
2024,HY,ロック/バンド,バンド,
2024,Hey! Say! JUMP,アイドル,男性グループ,
2024,ILLIT,J-POP,グループ,
2024,ILLIT、Number_i、ME:I,不明,不明,
2024,IMP.,アイドル,男性グループ,
2024,INI,J-POP,グループ,
2024,JO1,J-POP,グループ,
2024,King & Prince,アイドル,男性グループ,
2024,Kis-My-Ft2,アイドル,男性グループ,
2024,L'Arc～en～Ciel,ロック/バンド,バンド,
2024,LE SSERAFIM,J-POP,グループ,
2024,ME:I,J-POP,グループ,
2024,MISAMO,J-POP,グループ,
2024,MISIA,不明,不明,
2024,MY FIRST STORY×HYDE,不明,不明,
2024,May J.,不明,不明,
2024,Mrs. GREEN APPLE,ロック/バンド,バンド,
2024,NewJeans,J-POP,グループ,
2024,NiziU,J-POP,グループ,
2024,NiziU × 七尾高等学校吹奏楽部,不明,不明,
2024,Number_i,J-POP,グループ,
2024,ORANGE RANGE,ロック/バンド,バンド,
2024,Omoinotake,ロック/バンド,バンド,
2024,Perfume,アイドル,女性グループ,1999
2024,RIIZE,J-POP,グループ,
2024,SEVENTEEN,不明,不明,
2024,SUPER BEAVER,ロック/バンド,バンド,
2024,SUPER EIGHT,アイドル,男性グループ,
2024,SUPER EIGHT × 東海大学付属静岡翔洋高等学校吹奏楽部,不明,不明,
2024,SWEET STEADY,アイドル,女性グループ,
2024,Saucy Dog,ロック/バンド,バンド,
2024,SixTONES,アイドル,男性グループ,
2024,Snow Man,アイドル,男性グループ,
2024,Stray Kids,J-POP,グループ,
2024,Superfly,不明,不明,
2024,THE ALFEE,ロック/バンド,バンド,1973
2024,THE RAMPAGE,不明,不明,
2024,THE RAMPAGE from EXILE TRIBE,J-POP,グループ,
2024,TOMORROW X TOGETHER,J-POP,グループ,
2024,TWICE,J-POP,グループ,2007
2024,Travis Japan,アイドル,男性グループ,
2024,Vaundy,不明,不明,
2024,XG,J-POP,グループ,
2024,aespa,J-POP,グループ,
2024,aiko,不明,不明,
2024,ano,J-POP,グループ,
2024,m-flo loves Maya,不明,不明,
2024,m-flo loves 櫻井翔,不明,不明,
2024,timelesz,アイドル,男性グループ,2011
2024,tuki.,ソロシンガー,女性ソロ,
2024,あいみょん,不明,不明,
2024,いきものがかり,J-POP,グループ,
2024,こっちのけんと,不明,不明,
2024,すずきまゆみ×清塚信也,不明,不明,
2024,なにわ男子,アイドル,男性グループ,
2024,ゆず,不明,不明,
2024,イルカ,不明,不明,
2024,ゴールデンボンバー,ロック/バンド,バンド,
2024,ジェジュン,ソロシンガー,男性ソロ,
2024,ダイアモンド🔯ユカイ×King & Prince,不明,不明,
2024,マカロニえんぴつ,ロック/バンド,バンド,
2024,三代目 J SOUL BROTERS,不明,不明,
2024,三代目 J SOUL BROTHERS from EXILE TRIBE,J-POP,グループ,2010
2024,三山ひろし,不明,不明,
2024,三浦大知,不明,不明,
2024,乃木坂46,アイドル,女性グループ,
2024,南こうせつ,不明,不明,
2024,坂本冬美,不明,不明,
2024,大塚愛,ロック/バンド,バンド,
2024,大森元貴、SAKURA,不明,不明,
2024,天童よしみ,不明,不明,
2024,屋比久知奈,不明,不明,
2024,屋比久知奈＆尾上松也,不明,不明,
2024,山内惠介,不明,不明,
2024,新しい学校のリーダーズ,J-POP,グループ,
2024,新浜レオン,不明,不明,
2024,日向坂46,アイドル,女性グループ,
2024,星野源,ロック/バンド,バンド,
2024,有吉弘行、橋本環奈、伊藤沙莉,不明,不明,
2024,有吉弘行、橋本環奈、伊藤沙莉、 花田ゆういちろう、ながたまや、秋元杏月、 佐久本和夢、じゃじゃまる、ぴっころ、ぽろり、 スプー、みもも、やころ、ルチータ,不明,不明,
2024,木村昴,不明,不明,
2024,東京スカパラダイスオーケストラ,ロック/バンド,バンド,
2024,椎名林檎ともも,不明,不明,
2024,櫻坂46,アイドル,女性グループ,
2024,水森かおり,不明,不明,
2024,氷川きよし,不明,不明,
2024,玉置浩二,ロック/バンド,バンド,
2024,田島貴男（Original Love）,不明,不明,
2024,由薫,不明,不明,
2024,石川さゆり,不明,不明,
2024,福山雅治,不明,不明,
2024,竹下景子・武田鉄矢・田中健・松崎しげる,不明,不明,
2024,米津玄師,不明,不明,
2024,紅白出演者有志,不明,不明,
2024,純烈,J-POP,グループ,
2024,緑黄色社会,ロック/バンド,バンド,
2024,藤井隆,不明,不明,
2024,藤井風,不明,不明,
2024,西野カナ,ソロシンガー,女性ソロ,
2024,郷ひろみ,ソロシンガー,男性ソロ,
2024,髙橋真梨子,不明,不明,
2024,齊藤京子×佐野勇斗,不明,不明,
