year,program,artist,appearances,song,tags,type,origin,associated_acts
2015,NHK紅白歌合戦,AAA,6.0,恋音と雨空,,Group,Japan,
2015,NHK紅白歌合戦,AKB48,8.0,AKB48 紅白2015 SP 〜10周年記念メドレー〜[※ 13],"j-pop, c-pop",Group,Akihabara,秋元康（総合プロデューサー）AKB48グループ
2015,NHK紅白歌合戦,BUMP OF CHICKEN,1.0,ray[※ 15][※ 9],"j-pop, j-rock, anime",Group,,MOR （音楽プロデューサー）
2015,NHK紅白歌合戦,E-girls,3.0,Dance Dance Dance,j-pop,Group,New Jersey,
2015,NHK紅白歌合戦,EXILE,11.0,EXILE 紅白スペシャル2015[※ 14],"j-pop, j-r&b",Group,,
2015,NHK紅白歌合戦,MISIA,2.0,オルフェンズの涙[※ 20],,femaleソロ,Tsushima,鷺巣詩郎黒田卓也エリカ・バドゥマーカス・ミラーなど
2015,NHK紅白歌合戦,NMB48,3.0,365日の紙飛行機,"c-pop, j-pop",Group,Namba,秋元康（プロデューサー）剱持嘉一AKB48グループ
2015,NHK紅白歌合戦,Perfume,8.0,Pick Me Up,"j-pop, shibuya-kei",Group,Minami-ku,中田ヤスタカMIKIKO
2015,NHK紅白歌合戦,SEKAI NO OWARI,2.0,プレゼント,"j-pop, anime",Group,Tokyo,CHRYSANTHEMUM BRIDGE小林武史
2015,NHK紅白歌合戦,SMAP,23.0,This is SMAP メドレー[※ 21],traditional music,Group,,
2015,NHK紅白歌合戦,Sexy Zone[※ 1],3.0,ニッポン Cha-Cha-Cha チャンピオン,,maleソロ,Kōchi,
2015,NHK紅白歌合戦,Superfly,1.0,Beautiful,j-pop,Group,,蔦谷好位置多保孝一松岡モトキ
2015,NHK紅白歌合戦,TOKIO,22.0,AMBITIOUS JAPAN!,,Group,,
2015,NHK紅白歌合戦,V6,2.0,ザッツ!V6メドレー[※ 16],pop punk,Group,,
2015,NHK紅白歌合戦,X JAPAN,6.0,紅白スペシャルメドレー 〜We are X !〜[※ 18],"visual kei, j-rock, j-pop",Group,Tateyama,津田直士
2015,NHK紅白歌合戦,miwa,3.0,fighting-φ-girls,"j-pop, anime",femaleソロ,Hayama,NAOKI-TQuatre-M
2015,NHK紅白歌合戦,μ's,1.0,それは僕たちの奇跡,spoken word,Group,,畑亜貴（作詞）
2015,NHK紅白歌合戦,いきものがかり,8.0,ありがとう,,Group,Kanagawa,本間昭光亀田誠治島田昌典江口亮
2015,NHK紅白歌合戦,ゆず,6.0,かける,"j-pop, anime",Group,Yokohama,
2015,NHK紅白歌合戦,ゲスの極み乙女。,1.0,私以外私じゃないの,"japanese indie, j-rock, j-pop",Group,Tokyo,
2015,NHK紅白歌合戦,ゴールデンボンバー,4.0,女々しくて,visual kei,Group,,tatsuo（everset）
2015,NHK紅白歌合戦,レベッカ,1.0,フレンズ,,maleソロ,Kōchi,
2015,NHK紅白歌合戦,三代目 J Soul Brothers,4.0,Summer Madness,,Group,Japan,HIRO
2015,NHK紅白歌合戦,三山ひろし,1.0,お岩木山,"enka, kayokyoku",maleソロ,Nankoku,
2015,NHK紅白歌合戦,乃木坂46,1.0,君の名は希望,kayokyoku,Group,Minato,Sony Music Entertainment秋元康
2015,NHK紅白歌合戦,五木ひろし,45.0,千曲川,"enka, kayokyoku",maleソロ,Kyoto,
2015,NHK紅白歌合戦,今井美樹,2.0,PIECE OF MY WISH,"kayokyoku, city pop, j-pop, enka",femaleソロ,Takanabe,布袋寅泰
2015,NHK紅白歌合戦,伍代夏子,22.0,東京五輪音頭,"enka, kayokyoku",femaleソロ,Shibuya,
2015,NHK紅白歌合戦,和田アキ子,39.0,笑って許して,"kayokyoku, enka, j-pop, city pop, j-r&b",femaleソロ,Ikuno-ku,
2015,NHK紅白歌合戦,坂本冬美,27.0,祝い酒,"enka, kayokyoku",femaleソロ,Kamitonda,
2015,NHK紅白歌合戦,大原櫻子,1.0,瞳,,femaleソロ,,亀田誠治小名川高弘
2015,NHK紅白歌合戦,天童よしみ,20.0,人生一路[※ 6],"enka, kayokyoku, japanese classical",femaleソロ,Tanabe,
2015,NHK紅白歌合戦,小林幸子,34.0,千本桜,"enka, kayokyoku",femaleソロ,Chūō-ku,
2015,NHK紅白歌合戦,山内惠介,1.0,スポットライト,,maleソロ,Itoshima,
2015,NHK紅白歌合戦,島津亜矢,2.0,帰らんちゃよか,"enka, kayokyoku",femaleソロ,Kita-ku,
2015,NHK紅白歌合戦,嵐,7.0,New Year's Eve Medley 2015[※ 12],,Group,Honolulu,
2015,NHK紅白歌合戦,德永英明,10.0,時代,,maleソロ,Yanagawa,
2015,NHK紅白歌合戦,星野源,1.0,SUN,,maleソロ,Saitama,"SAKEROCK（2000年 - 2015年）河村""カースケ""智康ハマ・オカモト長岡亮介ほか"
2015,NHK紅白歌合戦,松田聖子,19.0,赤いスイートピー,"kayokyoku, city pop, enka, j-pop",femaleソロ,Kurume,"若松宗雄（1980年 - 1989年, 2000年 - 2003年）大村雅朗（1980年 - 1989年）[4]松本隆（1981年 - 1988年, 1999年, 2015年）小倉良（1992年 - 1998年, 2000年, 2002年, 2005年 - 2015年）原田真二（2000年 - 2004年）"
2015,NHK紅白歌合戦,森進一,48.0,おふくろさん,,maleソロ,Kōfu,
2015,NHK紅白歌合戦,椎名林檎,3.0,長く短い祭 〜ここは地獄か天国か篇〜[※ 11],,femaleソロ,Fukuoka,東京事変亀田誠治斎藤ネコ井上雨迩中山信彦村田陽一児玉裕一
2015,NHK紅白歌合戦,水森かおり,13.0,大和路の恋,"enka, kayokyoku",femaleソロ,Kita,
2015,NHK紅白歌合戦,氷川きよし,16.0,男花,"enka, anime, kayokyoku",maleソロ,Minami-ku,
2015,NHK紅白歌合戦,石川さゆり,38.0,津軽海峡・冬景色,"enka, kayokyoku",femaleソロ,Kumamoto,
2015,NHK紅白歌合戦,福山雅治,8.0,デビュー25周年スペシャルメドレー[※ 7][※ 8][※ 9],"j-pop, kayokyoku",maleソロ,Nagasaki,井上鑑KOH+
2015,NHK紅白歌合戦,細川たかし,39.0,心のこり,"enka, kayokyoku",maleソロ,Makkari,三橋美智也
2015,NHK紅白歌合戦,美輪明宏,4.0,ヨイトマケの唄,"kayokyoku, enka",maleソロ,Nagasaki,
2015,NHK紅白歌合戦,藤あや子,21.0,曼珠沙華,"enka, kayokyoku",femaleソロ,Semboku,
2015,NHK紅白歌合戦,西野カナ,6.0,トリセツ,j-pop,femaleソロ,Matsusaka,GIORGIO 13 CANCEMIDJ Mass MAD Izm*山口隆志
2015,NHK紅白歌合戦,近藤真彦,10.0,ギンギラギンにさりげなく,,maleソロ,Nagoya,
2015,NHK紅白歌合戦,郷ひろみ,28.0,2億4千万の瞳-エキゾチック・ジャパン-,"kayokyoku, enka, j-pop, city pop",maleソロ,Sue,酒井政利筒美京平萩田光雄井上鑑坂本龍一大村雅朗唐木裕史
2015,NHK紅白歌合戦,関ジャニ∞[※ 5],4.0,前向きスクリーム!,,maleソロ,Kōchi,
2015,NHK紅白歌合戦,髙橋真梨子,3.0,五番街のマリーへ2015[※ 22],,femaleソロ,Hatsukaichi,ヘンリー広瀬ペドロ&カプリシャス
2015,NHK紅白歌合戦,,0.0,アニメ紅白[※ 4],j-pop,maleソロ,Kōchi,
2015,NHK紅白歌合戦,,0.0,ザッツ・SHOWTIME〜星に願いを〜[25][※ 10],j-pop,maleソロ,Kōchi,
2015,NHK紅白歌合戦,,0.0,花は咲く,j-pop,maleソロ,Kōchi,
2015,ベストアーティスト,AI,,,cumbia,femaleソロ,Los Angeles,
2015,ベストアーティスト,AKB48,,,"j-pop, c-pop",Group,Akihabara,秋元康（総合プロデューサー）AKB48グループ
2015,ベストアーティスト,BREAKERZ,,,"anime, visual kei, j-rock",Group,,
2015,ベストアーティスト,E-girls,,,j-pop,Group,New Jersey,
2015,ベストアーティスト,EXILE,,,"j-pop, j-r&b",Group,,
2015,ベストアーティスト,GENERATIONS from EXILE TRIBE,,,"j-pop, anime",Group,Japan,
2015,ベストアーティスト,HKT48,,,"c-pop, j-pop",Group,Fukuoka,秋元康（プロデューサー）AKB48グループ
2015,ベストアーティスト,Hey! Say! JUMP,,,j-pop,Group,,
2015,ベストアーティスト,JUJU,,,"j-pop, kayokyoku, j-r&b",femaleソロ,Shōbara,
2015,ベストアーティスト,KABA.ちゃん,,,,maleソロ,Kōchi,
2015,ベストアーティスト,KANA-BOON,,,"anime, j-rock, j-pop",Group,Sakai,
2015,ベストアーティスト,KAT-TUN,,,j-pop,Group,,
2015,ベストアーティスト,KinKi Kids,,,j-pop,Group,,プロデューサー山下達郎吉田拓郎藤島ジュリー景子堂島孝平コンサートマスター吉田建
2015,ベストアーティスト,NEWS,,,classical,Group,Tokyo,
2015,ベストアーティスト,NMB48,,,"c-pop, j-pop",Group,Namba,秋元康（プロデューサー）剱持嘉一AKB48グループ
2015,ベストアーティスト,Perfume,,,"j-pop, shibuya-kei",Group,Minami-ku,中田ヤスタカMIKIKO
2015,ベストアーティスト,SEKAI NO OWARI,,,"j-pop, anime",Group,Tokyo,CHRYSANTHEMUM BRIDGE小林武史
2015,ベストアーティスト,Superfly,,,j-pop,Group,,蔦谷好位置多保孝一松岡モトキ
2015,ベストアーティスト,TOKIO,,,,Group,,
2015,ベストアーティスト,V6,,,pop punk,Group,,
2015,ベストアーティスト,aiko,,,,femaleソロ,Suita,島田昌典OSTER projectトオミヨウ
2015,ベストアーティスト,いきものがかり,,,,Group,Kanagawa,本間昭光亀田誠治島田昌典江口亮
2015,ベストアーティスト,きゃりーぱみゅぱみゅ,,,j-pop,femaleソロ,Nishitōkyō,中田ヤスタカ増田セバスチャンMAIKO
2015,ベストアーティスト,クリス松村,,,,maleソロ,Kōchi,
2015,ベストアーティスト,ゲスの極み乙女。,,,"japanese indie, j-rock, j-pop",Group,Tokyo,
2015,ベストアーティスト,ジャニーズWEST,,,,maleソロ,Kōchi,
2015,ベストアーティスト,ナオト・インティライミ,,,,maleソロ,,
2015,ベストアーティスト,ポルノグラフィティ,,,,Group,,田村充義
2015,ベストアーティスト,三代目 J Soul Brothers from EXILE TRIBE,,,,Group,Japan,HIRO
2015,ベストアーティスト,乃木坂46,,,kayokyoku,Group,Minato,Sony Music Entertainment秋元康
2015,ベストアーティスト,山本彩,,,,femaleソロ,Osaka,亀田誠治小名川高弘剱持嘉一
2015,ベストアーティスト,嵐,,,,Group,Honolulu,
2015,ベストアーティスト,平井堅,,,"j-pop, j-r&b",maleソロ,Higashiōsaka,
2015,ベストアーティスト,星野源,,,,maleソロ,Saitama,"SAKEROCK（2000年 - 2015年）河村""カースケ""智康ハマ・オカモト長岡亮介ほか"
2015,ベストアーティスト,槇原敬之,,,j-pop,maleソロ,Takatsuki,
2015,ベストアーティスト,氣志團,,,j-rock,Group,,阿部義晴
2015,ベストアーティスト,浜田ばみゅばみゅ,,,,maleソロ,,
2015,ベストアーティスト,秦基博,,,anime,maleソロ,Nichinan,上田禎亀田誠治島田昌典福耳
2015,ベストアーティスト,西内まりや,,,,femaleソロ,Izumo,
2015,ベストアーティスト,西野カナ,,,j-pop,femaleソロ,Matsusaka,GIORGIO 13 CANCEMIDJ Mass MAD Izm*山口隆志
2015,ベストアーティスト,関ジャニ∞,,,,maleソロ,Kōchi,
2015,ミュージックステーションスーパーライブ,AI,,,cumbia,femaleソロ,Los Angeles,
2015,ミュージックステーションスーパーライブ,AKB48,,,"j-pop, c-pop",Group,Akihabara,秋元康（総合プロデューサー）AKB48グループ
2015,ミュージックステーションスーパーライブ,BABYMETAL,,,j-rock,Group,Tokyo,KOBAMETAL（プロデュース）
2015,ミュージックステーションスーパーライブ,BoA,,,,femaleソロ,Guri,GOT the beat
2015,ミュージックステーションスーパーライブ,E-girls,,,j-pop,Group,New Jersey,
2015,ミュージックステーションスーパーライブ,EXILE,,,"j-pop, j-r&b",Group,,
2015,ミュージックステーションスーパーライブ,GENERATIONS,,,"j-pop, anime",maleソロ,Kōchi,
2015,ミュージックステーションスーパーライブ,Hey! Say! JUMP,,,j-pop,Group,,
2015,ミュージックステーションスーパーライブ,JUJU,,,"j-pop, kayokyoku, j-r&b",femaleソロ,Shōbara,
2015,ミュージックステーションスーパーライブ,KAT-TUN,,,j-pop,Group,,
2015,ミュージックステーションスーパーライブ,Kis-My-Ft2,,,j-pop,Group,Tokyo,
2015,ミュージックステーションスーパーライブ,L'Arc〜en〜Ciel,,,,Group,Osaka,"岡野ハジメ（共同プロデューサー, 1996年 - ）"
2015,ミュージックステーションスーパーライブ,Mr.Children,,,"j-pop, kayokyoku, j-rock",Group,Shibuya,小林武史（1992年 - 2014年)
2015,ミュージックステーションスーパーライブ,Perfume,,,"j-pop, shibuya-kei",Group,Minami-ku,中田ヤスタカMIKIKO
2015,ミュージックステーションスーパーライブ,SEKAI NO OWARI,,,"j-pop, anime",Group,Tokyo,CHRYSANTHEMUM BRIDGE小林武史
2015,ミュージックステーションスーパーライブ,SMAP,,,traditional music,Group,,
2015,ミュージックステーションスーパーライブ,Sexy Zone,,,,maleソロ,Kōchi,
2015,ミュージックステーションスーパーライブ,Superfly,,,j-pop,Group,,蔦谷好位置多保孝一松岡モトキ
2015,ミュージックステーションスーパーライブ,TOKIO,,,,Group,,
2015,ミュージックステーションスーパーライブ,X JAPAN,,,"visual kei, j-rock, j-pop",Group,Tateyama,津田直士
2015,ミュージックステーションスーパーライブ,YUKI,,,,femaleソロ,Hakodate,agehasprings玉井健二蔦谷好位置JUDY AND MARY前田佑
2015,ミュージックステーションスーパーライブ,aiko,,,,femaleソロ,Suita,島田昌典OSTER projectトオミヨウ
2015,ミュージックステーションスーパーライブ,back number,,,"j-pop, j-rock",Group,Gunma,
2015,ミュージックステーションスーパーライブ,miwa,,,"j-pop, anime",femaleソロ,Hayama,NAOKI-TQuatre-M
2015,ミュージックステーションスーパーライブ,いきものがかり,,,,Group,Kanagawa,本間昭光亀田誠治島田昌典江口亮
2015,ミュージックステーションスーパーライブ,きゃりーぱみゅぱみゅ,,,j-pop,femaleソロ,Nishitōkyō,中田ヤスタカ増田セバスチャンMAIKO
2015,ミュージックステーションスーパーライブ,ゆず,,,"j-pop, anime",Group,Yokohama,
2015,ミュージックステーションスーパーライブ,ゲスの極み乙女。,,,"japanese indie, j-rock, j-pop",Group,Tokyo,
2015,ミュージックステーションスーパーライブ,コブクロ,,,,Group,,
2015,ミュージックステーションスーパーライブ,ゴールデンボンバー,,,visual kei,Group,,tatsuo（everset）
2015,ミュージックステーションスーパーライブ,ジャニーズWEST,,,,maleソロ,Kōchi,
2015,ミュージックステーションスーパーライブ,ナオト・インティライミ,,,,maleソロ,,
2015,ミュージックステーションスーパーライブ,ポルノグラフィティ,,,,Group,,田村充義
2015,ミュージックステーションスーパーライブ,三代目 J Soul Brothers,,,,Group,Japan,HIRO
2015,ミュージックステーションスーパーライブ,乃木坂46,,,kayokyoku,Group,Minato,Sony Music Entertainment秋元康
2015,ミュージックステーションスーパーライブ,家入レオ,,,,femaleソロ,,西尾芳彦
2015,ミュージックステーションスーパーライブ,嵐,,,,Group,Honolulu,
2015,ミュージックステーションスーパーライブ,星野源,,,,maleソロ,Saitama,"SAKEROCK（2000年 - 2015年）河村""カースケ""智康ハマ・オカモト長岡亮介ほか"
2015,ミュージックステーションスーパーライブ,秦基博,,,anime,maleソロ,Nichinan,上田禎亀田誠治島田昌典福耳
2015,ミュージックステーションスーパーライブ,稲葉浩志,,,,maleソロ,Tsuyama,松本孝弘（B'z）
2015,ミュージックステーションスーパーライブ,西野カナ,,,j-pop,femaleソロ,Matsusaka,GIORGIO 13 CANCEMIDJ Mass MAD Izm*山口隆志
2015,ミュージックステーションスーパーライブ,関ジャニ∞,,,,maleソロ,Kōchi,
2016,NHK紅白歌合戦,AAA,7.0,ハリケーン・リリ、ボストン・マリ,,Group,Japan,
2016,NHK紅白歌合戦,AI,2.0,みんながみんな英雄,cumbia,femaleソロ,Los Angeles,
2016,NHK紅白歌合戦,AKB48,9.0,夢の紅白選抜SPメドレー[※ 12],"j-pop, c-pop",Group,Akihabara,秋元康（総合プロデューサー）AKB48グループ
2016,NHK紅白歌合戦,E-girls,4.0,DANCE WITH ME NOW!,j-pop,Group,New Jersey,
2016,NHK紅白歌合戦,KinKi Kids,1.0,硝子の少年,j-pop,Group,,プロデューサー山下達郎吉田拓郎藤島ジュリー景子堂島孝平コンサートマスター吉田建
2016,NHK紅白歌合戦,PUFFY,1.0,PUFFY 20周年紅白スペシャル[※ 2],"kayokyoku, j-pop, shibuya-kei",Group,Tokyo,奥田民生アンディ・スターマー
2016,NHK紅白歌合戦,Perfume,9.0,FLASH,"j-pop, shibuya-kei",Group,Minami-ku,中田ヤスタカMIKIKO
2016,NHK紅白歌合戦,RADIO FISH,1.0,PERFECT HUMAN,j-pop,maleソロ,Dalkeith,KOJIKARU
2016,NHK紅白歌合戦,RADWIMPS,1.0,前前前世 [original ver.],"anime, j-pop, j-rock",Group,Yokohama,
2016,NHK紅白歌合戦,SEKAI NO OWARI,3.0,Hey Ho from RPG[※ 6],"j-pop, anime",Group,Tokyo,CHRYSANTHEMUM BRIDGE小林武史
2016,NHK紅白歌合戦,Sexy Zone[※ 4],4.0,よびすて 紅白'16,,maleソロ,Kōchi,
2016,NHK紅白歌合戦,THE YELLOW MONKEY,1.0,JAM,"j-rock, j-pop, kayokyoku, visual kei",Group,Tokyo,
2016,NHK紅白歌合戦,TOKIO[※ 7],23.0,宙船（そらふね）,,Group,,
2016,NHK紅白歌合戦,V6,3.0,Smile! メドレー[※ 8],pop punk,Group,,
2016,NHK紅白歌合戦,X JAPAN,7.0,紅,"visual kei, j-rock, j-pop",Group,Tateyama,津田直士
2016,NHK紅白歌合戦,miwa,4.0,結 -ゆい-,"j-pop, anime",femaleソロ,Hayama,NAOKI-TQuatre-M
2016,NHK紅白歌合戦,いきものがかり,9.0,SAKURA,,Group,Kanagawa,本間昭光亀田誠治島田昌典江口亮
2016,NHK紅白歌合戦,ゆず,7.0,見上げてごらん夜の星を 〜ぼくらのうた〜,"j-pop, anime",Group,Yokohama,
2016,NHK紅白歌合戦,ピコ太郎,0.0,PPAP（ペンパイナッポーアッポーペン）,,maleソロ,Aomori,
2016,NHK紅白歌合戦,三代目 J Soul Brothers,5.0,Welcome to TOKYO,,Group,Japan,HIRO
2016,NHK紅白歌合戦,三山ひろし,2.0,四万十川〜けん玉大使編〜,"enka, kayokyoku",maleソロ,Nankoku,
2016,NHK紅白歌合戦,乃木坂46,2.0,サヨナラの意味,kayokyoku,Group,Minato,Sony Music Entertainment秋元康
2016,NHK紅白歌合戦,五木ひろし,46.0,九頭竜川,"enka, kayokyoku",maleソロ,Kyoto,
2016,NHK紅白歌合戦,坂本冬美,28.0,夜桜お七,"enka, kayokyoku",femaleソロ,Kamitonda,
2016,NHK紅白歌合戦,大竹しのぶ,1.0,愛の讃歌,,femaleソロ,Shinagawa,
2016,NHK紅白歌合戦,天童よしみ,21.0,あんたの花道,"enka, kayokyoku, japanese classical",femaleソロ,Tanabe,
2016,NHK紅白歌合戦,宇多田ヒカル,1.0,花束を君に [※ 15],"j-pop, j-r&b, anime",non-binaryソロ,Manhattan,A・G・クック小袋成彬スティーヴ・フィッツモーリス
2016,NHK紅白歌合戦,山内惠介,2.0,流転の波止場〜究極の貴公子編〜,,maleソロ,Itoshima,
2016,NHK紅白歌合戦,島津亜矢,3.0,川の流れのように,"enka, kayokyoku",femaleソロ,Kita-ku,
2016,NHK紅白歌合戦,嵐,8.0,嵐×紅白スペシャルメドレー[※ 16],,Group,Honolulu,
2016,NHK紅白歌合戦,市川由紀乃,1.0,心かさねて,"enka, kayokyoku",femaleソロ,Saitama,
2016,NHK紅白歌合戦,星野源,2.0,恋,,maleソロ,Saitama,"SAKEROCK（2000年 - 2015年）河村""カースケ""智康ハマ・オカモト長岡亮介ほか"
2016,NHK紅白歌合戦,松田聖子,20.0,薔薇のように咲いて 桜のように散って,"kayokyoku, city pop, enka, j-pop",femaleソロ,Kurume,"若松宗雄（1980年 - 1989年, 2000年 - 2003年）大村雅朗（1980年 - 1989年）[4]松本隆（1981年 - 1988年, 1999年, 2015年）小倉良（1992年 - 1998年, 2000年, 2002年, 2005年 - 2015年）原田真二（2000年 - 2004年）"
2016,NHK紅白歌合戦,桐谷健太,1.0,海の声〜みんなの海の声バージョン〜,j-pop,maleソロ,Kita-ku,
2016,NHK紅白歌合戦,椎名林檎,4.0,青春の瞬き -FROM NEO TOKYO 2016-[※ 7],,femaleソロ,Fukuoka,東京事変亀田誠治斎藤ネコ井上雨迩中山信彦村田陽一児玉裕一
2016,NHK紅白歌合戦,欅坂46[※ 3],1.0,サイレントマジョリティー,,Group,,Sony Music Entertainment秋元康（プロデューサー）
2016,NHK紅白歌合戦,水森かおり,14.0,越後水原〜白鳥飛翔〜,"enka, kayokyoku",femaleソロ,Kita,
2016,NHK紅白歌合戦,氷川きよし,17.0,白雲の城[※ 14],"enka, anime, kayokyoku",maleソロ,Minami-ku,
2016,NHK紅白歌合戦,渡辺直美,0.0,Crazy in Love,,femaleソロ,Seika,
2016,NHK紅白歌合戦,石川さゆり,39.0,天城越え,"enka, kayokyoku",femaleソロ,Kumamoto,
2016,NHK紅白歌合戦,福山雅治,9.0,2016スペシャルメドレー[※ 11],"j-pop, kayokyoku",maleソロ,Nagasaki,井上鑑KOH+
2016,NHK紅白歌合戦,福田こうへい,3.0,東京五輪音頭,,maleソロ,Shizukuishi,
2016,NHK紅白歌合戦,絢香,8.0,三日月,"j-pop, kayokyoku",femaleソロ,Moriguchi,西尾芳彦
2016,NHK紅白歌合戦,西野カナ,7.0,Dear Bride,j-pop,femaleソロ,Matsusaka,GIORGIO 13 CANCEMIDJ Mass MAD Izm*山口隆志
2016,NHK紅白歌合戦,郷ひろみ,29.0,言えないよ,"kayokyoku, enka, j-pop, city pop",maleソロ,Sue,酒井政利筒美京平萩田光雄井上鑑坂本龍一大村雅朗唐木裕史
2016,NHK紅白歌合戦,関ジャニ∞[※ 1],5.0,ズッコケ男道〜紅白で夢を歌おう〜,,maleソロ,Kōchi,
2016,NHK紅白歌合戦,香西かおり,19.0,すき〜真田丸スペシャルVer.〜,"enka, kayokyoku, japanese classical",femaleソロ,Minato-ku,
2016,NHK紅白歌合戦,髙橋真梨子,4.0,ごめんね…,,femaleソロ,Hatsukaichi,ヘンリー広瀬ペドロ&カプリシャス
2016,NHK紅白歌合戦,,0.0,ふるさと,j-pop,maleソロ,Kōchi,
2016,ベストアーティスト,AI,,,cumbia,femaleソロ,Los Angeles,
2016,ベストアーティスト,E-girls,,,j-pop,Group,New Jersey,
2016,ベストアーティスト,EXILE THE SECOND,,,j-pop,Group,,
2016,ベストアーティスト,GENERATIONS from EXILE TRIBE,,,"j-pop, anime",Group,Japan,
2016,ベストアーティスト,HKT48,,,"c-pop, j-pop",Group,Fukuoka,秋元康（プロデューサー）AKB48グループ
2016,ベストアーティスト,Hey! Say! JUMP,,,j-pop,Group,,
2016,ベストアーティスト,JUJU,,,"j-pop, kayokyoku, j-r&b",femaleソロ,Shōbara,
2016,ベストアーティスト,KinKi Kids,,,j-pop,Group,,プロデューサー山下達郎吉田拓郎藤島ジュリー景子堂島孝平コンサートマスター吉田建
2016,ベストアーティスト,Kis-My-Ft2,,,j-pop,Group,Tokyo,
2016,ベストアーティスト,NEWS,,,classical,Group,Tokyo,
2016,ベストアーティスト,NMB48,,,"c-pop, j-pop",Group,Namba,秋元康（プロデューサー）剱持嘉一AKB48グループ
2016,ベストアーティスト,Perfume,,,"j-pop, shibuya-kei",Group,Minami-ku,中田ヤスタカMIKIKO
2016,ベストアーティスト,SEKAI NO OWARI,,,"j-pop, anime",Group,Tokyo,CHRYSANTHEMUM BRIDGE小林武史
2016,ベストアーティスト,SKE48,,,"c-pop, j-pop",Group,Nagoya,秋元康（プロデューサー）AKB48グループ
2016,ベストアーティスト,Sexy Zone,,,,maleソロ,Kōchi,
2016,ベストアーティスト,THE YELLOW MONKEY,,,"j-rock, j-pop, kayokyoku, visual kei",Group,Tokyo,
2016,ベストアーティスト,TOKIO,,,,Group,,
2016,ベストアーティスト,V6,,,pop punk,Group,,
2016,ベストアーティスト,aiko,,,,femaleソロ,Suita,島田昌典OSTER projectトオミヨウ
2016,ベストアーティスト,back number,,,"j-pop, j-rock",Group,Gunma,
2016,ベストアーティスト,いきものがかり,,,,Group,Kanagawa,本間昭光亀田誠治島田昌典江口亮
2016,ベストアーティスト,きゃりーぱみゅぱみゅ,,,j-pop,femaleソロ,Nishitōkyō,中田ヤスタカ増田セバスチャンMAIKO
2016,ベストアーティスト,ゆず,,,"j-pop, anime",Group,Yokohama,
2016,ベストアーティスト,ジャニーズWEST,,,,maleソロ,Kōchi,
2016,ベストアーティスト,スティング,,,,maleソロ,Kōchi,
2016,ベストアーティスト,ピコ太郎,,,,maleソロ,Aomori,
2016,ベストアーティスト,ポルノグラフィティ,,,,Group,,田村充義
2016,ベストアーティスト,三代目 J Soul Brothers from EXILE TRIBE,,,,Group,Japan,HIRO
2016,ベストアーティスト,乃木坂46,,,kayokyoku,Group,Minato,Sony Music Entertainment秋元康
2016,ベストアーティスト,家入レオ,,,,femaleソロ,,西尾芳彦
2016,ベストアーティスト,嵐,,,,Group,Honolulu,
2016,ベストアーティスト,桑田佳祐,,,"j-pop, kayokyoku",maleソロ,Chigasaki,サザンオールスターズKUWATA BANDSUPER CHIMPANZEE藤井丈司小林武史島健斎藤誠片山敦夫山本拓夫佐橋佳幸曽我淳一角谷仁宣小倉博和[7]
2016,ベストアーティスト,欅坂46,,,,Group,,Sony Music Entertainment秋元康（プロデューサー）
2016,ベストアーティスト,秦基博,,,anime,maleソロ,Nichinan,上田禎亀田誠治島田昌典福耳
2016,ベストアーティスト,西内まりや,,,,femaleソロ,Izumo,
2016,ベストアーティスト,西野カナ,,,j-pop,femaleソロ,Matsusaka,GIORGIO 13 CANCEMIDJ Mass MAD Izm*山口隆志
2016,ベストアーティスト,関ジャニ∞,,,,maleソロ,Kōchi,
2016,ベストアーティスト,［Alexandros］,,,"j-rock, j-pop, anime",Group,Kanagawa,
2016,ミュージックステーションスーパーライブ,AI,,,cumbia,femaleソロ,Los Angeles,
2016,ミュージックステーションスーパーライブ,AKB48,,,"j-pop, c-pop",Group,Akihabara,秋元康（総合プロデューサー）AKB48グループ
2016,ミュージックステーションスーパーライブ,DAIGO,,,,maleソロ,Kōchi,BREAKERZ
2016,ミュージックステーションスーパーライブ,E-girls,,,j-pop,Group,New Jersey,
2016,ミュージックステーションスーパーライブ,EXILE THE SECOND,,,j-pop,Group,,
2016,ミュージックステーションスーパーライブ,GENERATIONS,,,"j-pop, anime",maleソロ,Kōchi,
2016,ミュージックステーションスーパーライブ,Hey! Say! JUMP,,,j-pop,Group,,
2016,ミュージックステーションスーパーライブ,Kis-My-Ft2,,,j-pop,Group,Tokyo,
2016,ミュージックステーションスーパーライブ,L'Arc〜en〜Ciel,,,,Group,Osaka,"岡野ハジメ（共同プロデューサー, 1996年 - ）"
2016,ミュージックステーションスーパーライブ,NEWS,,,classical,Group,Tokyo,
2016,ミュージックステーションスーパーライブ,Perfume,,,"j-pop, shibuya-kei",Group,Minami-ku,中田ヤスタカMIKIKO
2016,ミュージックステーションスーパーライブ,RADIO FISH,,,j-pop,maleソロ,Dalkeith,KOJIKARU
2016,ミュージックステーションスーパーライブ,SEKAI NO OWARI,,,"j-pop, anime",Group,Tokyo,CHRYSANTHEMUM BRIDGE小林武史
2016,ミュージックステーションスーパーライブ,Sexy Zone,,,,maleソロ,Kōchi,
2016,ミュージックステーションスーパーライブ,THE YELLOW MONKEY,,,"j-rock, j-pop, kayokyoku, visual kei",Group,Tokyo,
2016,ミュージックステーションスーパーライブ,TOKIO,,,,Group,,
2016,ミュージックステーションスーパーライブ,X JAPAN,,,"visual kei, j-rock, j-pop",Group,Tateyama,津田直士
2016,ミュージックステーションスーパーライブ,aiko,,,,femaleソロ,Suita,島田昌典OSTER projectトオミヨウ
2016,ミュージックステーションスーパーライブ,back number,,,"j-pop, j-rock",Group,Gunma,
2016,ミュージックステーションスーパーライブ,いきものがかり,,,,Group,Kanagawa,本間昭光亀田誠治島田昌典江口亮
2016,ミュージックステーションスーパーライブ,きゃりーぱみゅぱみゅ,,,j-pop,femaleソロ,Nishitōkyō,中田ヤスタカ増田セバスチャンMAIKO
2016,ミュージックステーションスーパーライブ,ゆず,,,"j-pop, anime",Group,Yokohama,
2016,ミュージックステーションスーパーライブ,コブクロ,,,,Group,,
2016,ミュージックステーションスーパーライブ,ゴールデンボンバー,,,visual kei,Group,,tatsuo（everset）
2016,ミュージックステーションスーパーライブ,ジャニーズWEST,,,,maleソロ,Kōchi,
2016,ミュージックステーションスーパーライブ,ピコ太郎,,,,maleソロ,Aomori,
2016,ミュージックステーションスーパーライブ,ポルノグラフィティ,,,,Group,,田村充義
2016,ミュージックステーションスーパーライブ,三代目 J Soul Brothers,,,,Group,Japan,HIRO
2016,ミュージックステーションスーパーライブ,上白石萌音,,,,femaleソロ,Kagoshima,
2016,ミュージックステーションスーパーライブ,乃木坂46,,,kayokyoku,Group,Minato,Sony Music Entertainment秋元康
2016,ミュージックステーションスーパーライブ,大黒摩季,,,kayokyoku,femaleソロ,Minami-ku,"織田哲郎, 葉山たけし, 徳永暁人"
2016,ミュージックステーションスーパーライブ,小室哲哉+HYDE,,,,maleソロ,Fuchū,
2016,ミュージックステーションスーパーライブ,嵐,,,,Group,Honolulu,
2016,ミュージックステーションスーパーライブ,平井堅,,,"j-pop, j-r&b",maleソロ,Higashiōsaka,
2016,ミュージックステーションスーパーライブ,星野源,,,,maleソロ,Saitama,"SAKEROCK（2000年 - 2015年）河村""カースケ""智康ハマ・オカモト長岡亮介ほか"
2016,ミュージックステーションスーパーライブ,松下奈緒,,,,femaleソロ,,
2016,ミュージックステーションスーパーライブ,桐谷健太,,,j-pop,maleソロ,Kita-ku,
2016,ミュージックステーションスーパーライブ,桑田佳祐,,,"j-pop, kayokyoku",maleソロ,Chigasaki,サザンオールスターズKUWATA BANDSUPER CHIMPANZEE藤井丈司小林武史島健斎藤誠片山敦夫山本拓夫佐橋佳幸曽我淳一角谷仁宣小倉博和[7]
2016,ミュージックステーションスーパーライブ,欅坂46,,,,Group,,Sony Music Entertainment秋元康（プロデューサー）
2016,ミュージックステーションスーパーライブ,絢香,,,"j-pop, kayokyoku",femaleソロ,Moriguchi,西尾芳彦
2016,ミュージックステーションスーパーライブ,藤原さくら,,,j-pop,femaleソロ,Fukuoka,mabanua（Ovall）Shingo Suzuki（Ovall）関口シンゴ（Ovall）Yagi&Ryota（SPECIAL OTHERS）高田漣Curly Giraffe永野亮（APOGEE）石若駿
2016,ミュージックステーションスーパーライブ,西野カナ,,,j-pop,femaleソロ,Matsusaka,GIORGIO 13 CANCEMIDJ Mass MAD Izm*山口隆志
2016,ミュージックステーションスーパーライブ,関ジャニ∞,,,,maleソロ,Kōchi,
2017,NHK紅白歌合戦,AKB48,10.0,視聴者が選んだ夢の紅白SPメドレー[※ 17],"j-pop, c-pop",Group,Akihabara,秋元康（総合プロデューサー）AKB48グループ
2017,NHK紅白歌合戦,E-girls,5.0,Love ☆ Queen,j-pop,Group,New Jersey,
2017,NHK紅白歌合戦,Hey! Say! JUMP,1.0,Come On A My House,j-pop,Group,,
2017,NHK紅白歌合戦,Little Glee Monster,1.0,好きだ。 〜夢を歌おう ver.〜[※ 5],"j-pop, anime",Group,,
2017,NHK紅白歌合戦,Perfume[※ 15],10.0,TOKYO GIRL,"j-pop, shibuya-kei",Group,Minami-ku,中田ヤスタカMIKIKO
2017,NHK紅白歌合戦,SEKAI NO OWARI,4.0,RAIN,"j-pop, anime",Group,Tokyo,CHRYSANTHEMUM BRIDGE小林武史
2017,NHK紅白歌合戦,SHISHAMO,1.0,明日も 〜紅白2017ver.〜,"japanese indie, j-rock, j-pop",Group,Kawasaki,
2017,NHK紅白歌合戦,Sexy Zone[※ 7],5.0,ぎゅっと,,maleソロ,Kōchi,
2017,NHK紅白歌合戦,Superfly,2.0,愛をこめて花束を,j-pop,Group,,蔦谷好位置多保孝一松岡モトキ
2017,NHK紅白歌合戦,TOKIO,24.0,AMBITIOUS JAPAN!,,Group,,
2017,NHK紅白歌合戦,TWICE,1.0,TT -Japanese ver.-,k-pop,Group,Seoul,
2017,NHK紅白歌合戦,WANIMA,1.0,ともに,"j-pop, j-rock, melodic hardcore",Group,Tokyo,
2017,NHK紅白歌合戦,X JAPAN,8.0,ENDLESS RAIN 2017 紅白スペシャル[※ 16],"visual kei, j-rock, j-pop",Group,Tateyama,津田直士
2017,NHK紅白歌合戦,ゆず,8.0,栄光の架橋,"j-pop, anime",Group,Yokohama,
2017,NHK紅白歌合戦,エレファントカシマシ,1.0,今宵の月のように,,Group,,
2017,NHK紅白歌合戦,トータス松本,1.0,目抜き通り,j-rock,maleソロ,Nishiwaki,ウルフルズカーリングシトーンズ
2017,NHK紅白歌合戦,三代目 J Soul Brothers,6.0,HAPPY 〜紅白スペシャルバージョン〜,,Group,Japan,HIRO
2017,NHK紅白歌合戦,三山ひろし,3.0,男の流儀 〜けん玉世界記録への道〜,"enka, kayokyoku",maleソロ,Nankoku,
2017,NHK紅白歌合戦,三浦大知,1.0,三浦大知 紅白スペシャル[※ 9],,maleソロ,Okinawa,KREVAFolder
2017,NHK紅白歌合戦,丘みどり,1.0,佐渡の夕笛,"enka, kayokyoku",femaleソロ,Himeji,
2017,NHK紅白歌合戦,乃木坂46,3.0,インフルエンサー,kayokyoku,Group,Minato,Sony Music Entertainment秋元康
2017,NHK紅白歌合戦,五木ひろし,47.0,夜空,"enka, kayokyoku",maleソロ,Kyoto,
2017,NHK紅白歌合戦,倉木麻衣,4.0,渡月橋 〜君 想ふ〜,"j-pop, anime",femaleソロ,Funabashi,
2017,NHK紅白歌合戦,坂本冬美,29.0,男の火祭り,"enka, kayokyoku",femaleソロ,Kamitonda,
2017,NHK紅白歌合戦,天童よしみ,22.0,道頓堀人情,"enka, kayokyoku, japanese classical",femaleソロ,Tanabe,
2017,NHK紅白歌合戦,安室奈美恵,10.0,Hero,"anime, j-r&b",femaleソロ,Naha,小室哲哉ダラス・オースティンSUITE CHICTIGERT.Kura&michicoNao'ymtEmyli
2017,NHK紅白歌合戦,山内惠介,3.0,愛が信じられないなら 〜貴公子たちの舞踏会〜,,maleソロ,Itoshima,
2017,NHK紅白歌合戦,島津亜矢,4.0,The Rose,"enka, kayokyoku",femaleソロ,Kita-ku,
2017,NHK紅白歌合戦,嵐,9.0,嵐×紅白スペシャルメドレー[※ 18],,Group,Honolulu,
2017,NHK紅白歌合戦,市川由紀乃,2.0,人生一路,"enka, kayokyoku",femaleソロ,Saitama,
2017,NHK紅白歌合戦,平井堅,8.0,ノンフィクション,"j-pop, j-r&b",maleソロ,Higashiōsaka,
2017,NHK紅白歌合戦,星野源,3.0,Family Song,,maleソロ,Saitama,"SAKEROCK（2000年 - 2015年）河村""カースケ""智康ハマ・オカモト長岡亮介ほか"
2017,NHK紅白歌合戦,松たか子,3.0,明日はどこから,,femaleソロ,Tokyo,
2017,NHK紅白歌合戦,松田聖子,21.0,新しい明日,"kayokyoku, city pop, enka, j-pop",femaleソロ,Kurume,"若松宗雄（1980年 - 1989年, 2000年 - 2003年）大村雅朗（1980年 - 1989年）[4]松本隆（1981年 - 1988年, 1999年, 2015年）小倉良（1992年 - 1998年, 2000年, 2002年, 2005年 - 2015年）原田真二（2000年 - 2004年）"
2017,NHK紅白歌合戦,桑田佳祐[※ 19],2.0,若い広場,"j-pop, kayokyoku",maleソロ,Chigasaki,サザンオールスターズKUWATA BANDSUPER CHIMPANZEE藤井丈司小林武史島健斎藤誠片山敦夫山本拓夫佐橋佳幸曽我淳一角谷仁宣小倉博和[7]
2017,NHK紅白歌合戦,椎名林檎,5.0,目抜き通り,,femaleソロ,Fukuoka,東京事変亀田誠治斎藤ネコ井上雨迩中山信彦村田陽一児玉裕一
2017,NHK紅白歌合戦,欅坂46[※ 10],2.0,不協和音,,Group,,Sony Music Entertainment秋元康（プロデューサー）
2017,NHK紅白歌合戦,水森かおり,15.0,早鞆ノ瀬戸,"enka, kayokyoku",femaleソロ,Kita,
2017,NHK紅白歌合戦,氷川きよし,18.0,きよしのズンドコ節,"enka, anime, kayokyoku",maleソロ,Minami-ku,
2017,NHK紅白歌合戦,石川さゆり[※ 20],40.0,津軽海峡・冬景色,"enka, kayokyoku",femaleソロ,Kumamoto,
2017,NHK紅白歌合戦,福山雅治[※ 12],10.0,トモエ学園,"j-pop, kayokyoku",maleソロ,Nagasaki,井上鑑KOH+
2017,NHK紅白歌合戦,福田こうへい,4.0,王将,,maleソロ,Shizukuishi,
2017,NHK紅白歌合戦,竹原ピストル,1.0,よー、そこの若いの,,maleソロ,Chiba,ハマノヒロチカ
2017,NHK紅白歌合戦,西野カナ,8.0,パッ,j-pop,femaleソロ,Matsusaka,GIORGIO 13 CANCEMIDJ Mass MAD Izm*山口隆志
2017,NHK紅白歌合戦,郷ひろみ,30.0,2億4千万の瞳 〜GO! GO! バブルリミックス〜,"kayokyoku, enka, j-pop, city pop",maleソロ,Sue,酒井政利筒美京平萩田光雄井上鑑坂本龍一大村雅朗唐木裕史
2017,NHK紅白歌合戦,関ジャニ∞[※ 11],6.0,なぐりガキBEAT,,maleソロ,Kōchi,
2017,NHK紅白歌合戦,髙橋真梨子,5.0,for you…,,femaleソロ,Hatsukaichi,ヘンリー広瀬ペドロ&カプリシャス
2017,NHK紅白歌合戦,,0.0,いつでも夢を,j-pop,maleソロ,Kōchi,
2017,ベストアーティスト,AKB48,,,"j-pop, c-pop",Group,Akihabara,秋元康（総合プロデューサー）AKB48グループ
2017,ベストアーティスト,B’z,,,,Group,Japan,
2017,ベストアーティスト,DEAN FUJIOKA,,,anime,maleソロ,Steubenville,
2017,ベストアーティスト,E-girls,,,j-pop,Group,New Jersey,
2017,ベストアーティスト,EXILE THE SECOND,,,j-pop,Group,,
2017,ベストアーティスト,GENERATIONS from EXILE TRIBE,,,"j-pop, anime",Group,Japan,
2017,ベストアーティスト,Hey! Say! JUMP,,,j-pop,Group,,
2017,ベストアーティスト,MIGHTY WARRIORS,,,j-rap,maleソロ,Kōchi,
2017,ベストアーティスト,NEWS,,,classical,Group,Tokyo,
2017,ベストアーティスト,NGT48,,,"c-pop, j-pop",Group,Niigata,秋元康（プロデューサー）AKB48グループ
2017,ベストアーティスト,Perfume,,,"j-pop, shibuya-kei",Group,Minami-ku,中田ヤスタカMIKIKO
2017,ベストアーティスト,RADIO FISH,,,j-pop,maleソロ,Dalkeith,KOJIKARU
2017,ベストアーティスト,SEKAI NO OWARI,,,"j-pop, anime",Group,Tokyo,CHRYSANTHEMUM BRIDGE小林武史
2017,ベストアーティスト,Sexy Zone,,,,maleソロ,Kōchi,
2017,ベストアーティスト,SixTONES,,,j-pop,Group,Japan,
2017,ベストアーティスト,Snow Man,,,j-pop,Group,Japan,
2017,ベストアーティスト,TAKAHIRO,,,kayokyoku,maleソロ,Kōchi,EXILEACE OF SPADES
2017,ベストアーティスト,THE YELLOW MONKEY,,,"j-rock, j-pop, kayokyoku, visual kei",Group,Tokyo,
2017,ベストアーティスト,TOKIO,,,,Group,,
2017,ベストアーティスト,WANIMA,,,"j-pop, j-rock, melodic hardcore",Group,Tokyo,
2017,ベストアーティスト,aiko,,,,femaleソロ,Suita,島田昌典OSTER projectトオミヨウ
2017,ベストアーティスト,back number,,,"j-pop, j-rock",Group,Gunma,
2017,ベストアーティスト,きゃりーぱみゅぱみゅ,,,j-pop,femaleソロ,Nishitōkyō,中田ヤスタカ増田セバスチャンMAIKO
2017,ベストアーティスト,オースティン・マホーン,,,,maleソロ,Kōchi,"フロー・ライダー, ベッキーG, ピット・ブル"
2017,ベストアーティスト,ジャニーズWEST,,,,maleソロ,Kōchi,
2017,ベストアーティスト,ポルノグラフィティ,,,,Group,,田村充義
2017,ベストアーティスト,モーニング娘。'17,,,,Group,,
2017,ベストアーティスト,三代目 J Soul Brothers from EXILE TRIBE,,,,Group,Japan,HIRO
2017,ベストアーティスト,三浦大知,,,,maleソロ,Okinawa,KREVAFolder
2017,ベストアーティスト,中丸雄一,,,,femaleソロ,Ōta,
2017,ベストアーティスト,乃木坂46,,,kayokyoku,Group,Minato,Sony Music Entertainment秋元康
2017,ベストアーティスト,亀と山P,,,,Group,,
2017,ベストアーティスト,修二と彰,,,,Group,,
2017,ベストアーティスト,倉木麻衣,,,"j-pop, anime",femaleソロ,Funabashi,
2017,ベストアーティスト,堺正章,,,"kayokyoku, enka",maleソロ,Setagaya,
2017,ベストアーティスト,増田恵子,,,"kayokyoku, enka",maleソロ,Yokohama,ピンク・レディー（プロデューサー／飯田久彦）
2017,ベストアーティスト,嵐,,,,Group,Honolulu,
2017,ベストアーティスト,平井堅,,,"j-pop, j-r&b",maleソロ,Higashiōsaka,
2017,ベストアーティスト,星野源,,,,maleソロ,Saitama,"SAKEROCK（2000年 - 2015年）河村""カースケ""智康ハマ・オカモト長岡亮介ほか"
2017,ベストアーティスト,梅沢富美男,,,,maleソロ,Fukushima,
2017,ベストアーティスト,欅坂46,,,,Group,,Sony Music Entertainment秋元康（プロデューサー）
2017,ベストアーティスト,荻野目洋子,,,"city pop, kayokyoku, j-pop, enka",femaleソロ,Kashiwa,
2017,ベストアーティスト,関ジャニ∞,,,,maleソロ,Kōchi,
2017,ミュージックステーションスーパーライブ,AKB48,,,"j-pop, c-pop",Group,Akihabara,秋元康（総合プロデューサー）AKB48グループ
2017,ミュージックステーションスーパーライブ,BTS,,,pop punk,Group,Seoul,
2017,ミュージックステーションスーパーライブ,DAOKO,,,"j-pop, anime, j-rock",femaleソロ,Tokyo,QUBIT
2017,ミュージックステーションスーパーライブ,DEAN FUJIOKA,,,anime,maleソロ,Steubenville,
2017,ミュージックステーションスーパーライブ,E-girls,,,j-pop,Group,New Jersey,
2017,ミュージックステーションスーパーライブ,EXILE THE SECOND,,,j-pop,Group,,
2017,ミュージックステーションスーパーライブ,GENERATIONS,,,"j-pop, anime",maleソロ,Kōchi,
2017,ミュージックステーションスーパーライブ,Hey! Say! JUMP,,,j-pop,Group,,
2017,ミュージックステーションスーパーライブ,KinKi Kids,,,j-pop,Group,,プロデューサー山下達郎吉田拓郎藤島ジュリー景子堂島孝平コンサートマスター吉田建
2017,ミュージックステーションスーパーライブ,Kis-My-Ft2,,,j-pop,Group,Tokyo,
2017,ミュージックステーションスーパーライブ,LUNA SEA,,,"visual kei, j-rock",Group,Kanagawa,
2017,ミュージックステーションスーパーライブ,Little Glee Monster,,,"j-pop, anime",Group,,
2017,ミュージックステーションスーパーライブ,NEWS,,,classical,Group,Tokyo,
2017,ミュージックステーションスーパーライブ,Perfume,,,"j-pop, shibuya-kei",Group,Minami-ku,中田ヤスタカMIKIKO
2017,ミュージックステーションスーパーライブ,SHISHAMO,,,"japanese indie, j-rock, j-pop",Group,Kawasaki,
2017,ミュージックステーションスーパーライブ,Sexy Zone,,,,maleソロ,Kōchi,
2017,ミュージックステーションスーパーライブ,TOKIO,,,,Group,,
2017,ミュージックステーションスーパーライブ,TWICE,,,k-pop,Group,Seoul,
2017,ミュージックステーションスーパーライブ,WANIMA,,,"j-pop, j-rock, melodic hardcore",Group,Tokyo,
2017,ミュージックステーションスーパーライブ,X JAPAN,,,"visual kei, j-rock, j-pop",Group,Tateyama,津田直士
2017,ミュージックステーションスーパーライブ,aiko,,,,femaleソロ,Suita,島田昌典OSTER projectトオミヨウ
2017,ミュージックステーションスーパーライブ,back number,,,"j-pop, j-rock",Group,Gunma,
2017,ミュージックステーションスーパーライブ,ゆず,,,"j-pop, anime",Group,Yokohama,
2017,ミュージックステーションスーパーライブ,ゲスの極み乙女。,,,"japanese indie, j-rock, j-pop",Group,Tokyo,
2017,ミュージックステーションスーパーライブ,ゴールデンボンバー,,,visual kei,Group,,tatsuo（everset）
2017,ミュージックステーションスーパーライブ,ジャニーズWEST,,,,maleソロ,Kōchi,
2017,ミュージックステーションスーパーライブ,スチャダラパー,,,j-rap,Group,,
2017,ミュージックステーションスーパーライブ,三代目 J Soul Brothers,,,,Group,Japan,HIRO
2017,ミュージックステーションスーパーライブ,三浦大知,,,,maleソロ,Okinawa,KREVAFolder
2017,ミュージックステーションスーパーライブ,乃木坂46,,,kayokyoku,Group,Minato,Sony Music Entertainment秋元康
2017,ミュージックステーションスーパーライブ,亀と山P,,,,Group,,
2017,ミュージックステーションスーパーライブ,倉木麻衣,,,"j-pop, anime",femaleソロ,Funabashi,
2017,ミュージックステーションスーパーライブ,小沢健二,,,"shibuya-kei, j-pop, kayokyoku, city pop",maleソロ,Sagamihara,
2017,ミュージックステーションスーパーライブ,岡崎体育,,,"anime, j-pop",maleソロ,Nishinomiya,
2017,ミュージックステーションスーパーライブ,嵐,,,,Group,Honolulu,
2017,ミュージックステーションスーパーライブ,平井堅,,,"j-pop, j-r&b",maleソロ,Higashiōsaka,
2017,ミュージックステーションスーパーライブ,星野源,,,,maleソロ,Saitama,"SAKEROCK（2000年 - 2015年）河村""カースケ""智康ハマ・オカモト長岡亮介ほか"
2017,ミュージックステーションスーパーライブ,椎名林檎と松崎ナオ,,,,femaleソロ,Fukuoka,
2017,ミュージックステーションスーパーライブ,欅坂46,,,,Group,,Sony Music Entertainment秋元康（プロデューサー）
2017,ミュージックステーションスーパーライブ,福山雅治,,,"j-pop, kayokyoku",maleソロ,Nagasaki,井上鑑KOH+
2017,ミュージックステーションスーパーライブ,西野カナ,,,j-pop,femaleソロ,Matsusaka,GIORGIO 13 CANCEMIDJ Mass MAD Izm*山口隆志
2017,ミュージックステーションスーパーライブ,関ジャニ∞,,,,maleソロ,Kōchi,
2017,ミュージックステーションスーパーライブ,高橋優,,,free jazz,ソロ,,箭内道彦[2]メガネツインズ
2018,NHK紅白歌合戦,AKB48[• 8],11.0,恋するフォーチュンクッキー,"j-pop, c-pop",Group,Akihabara,秋元康（総合プロデューサー）AKB48グループ
2018,NHK紅白歌合戦,Aqours,1.0,君のこころは輝いてるかい?,anime,Group,Japan,畑亜貴（作詞）
2018,NHK紅白歌合戦,DA PUMP,6.0,U.S.A.,"j-pop, j-r&b, kayokyoku, anime",Group,Okinawa,m.c.A・T今井大介SASAShungo.
2018,NHK紅白歌合戦,DAOKO,1.0,打上花火,"j-pop, anime, j-rock",femaleソロ,Tokyo,QUBIT
2018,NHK紅白歌合戦,EXILE,12.0,EXILE紅白スペシャル2018[• 15],"j-pop, j-r&b",Group,,
2018,NHK紅白歌合戦,Hey! Say! JUMP,2.0,Ultra Music Power 〜Hey! Say! 紅白スペシャルver.〜,j-pop,Group,,
2018,NHK紅白歌合戦,Little Glee Monster,2.0,世界はあなたに笑いかけている,"j-pop, anime",Group,,
2018,NHK紅白歌合戦,MISIA,3.0,アイノカタチ 2018[• 21],,femaleソロ,Tsushima,鷺巣詩郎黒田卓也エリカ・バドゥマーカス・ミラーなど
2018,NHK紅白歌合戦,Perfume,11.0,Future Pop 紅白SP[• 12][• 13],"j-pop, shibuya-kei",Group,Minami-ku,中田ヤスタカMIKIKO
2018,NHK紅白歌合戦,SEKAI NO OWARI,5.0,サザンカ,"j-pop, anime",Group,Tokyo,CHRYSANTHEMUM BRIDGE小林武史
2018,NHK紅白歌合戦,Sexy Zone[• 3],6.0,カラクリだらけのテンダネス〜2018紅白ver.〜,,maleソロ,Kōchi,
2018,NHK紅白歌合戦,Suchmos,1.0,VOLT-AGE,"city pop, j-pop, japanese indie, j-r&b, j-rock",Group,,
2018,NHK紅白歌合戦,Superfly,3.0,Gifts,j-pop,Group,,蔦谷好位置多保孝一松岡モトキ
2018,NHK紅白歌合戦,TWICE,2.0,紅白メドレー2018[• 14],k-pop,Group,Seoul,
2018,NHK紅白歌合戦,aiko,13.0,カブトムシ,,femaleソロ,Suita,島田昌典OSTER projectトオミヨウ
2018,NHK紅白歌合戦,あいみょん,1.0,マリーゴールド,,femaleソロ,Nishinomiya,
2018,NHK紅白歌合戦,いきものがかり,10.0,じょいふる,,Group,Kanagawa,本間昭光亀田誠治島田昌典江口亮
2018,NHK紅白歌合戦,ゆず,9.0,うたエール,"j-pop, anime",Group,Yokohama,
2018,NHK紅白歌合戦,サザンオールスターズ,5.0,希望の轍,,Group,Shibuya,高垣健新田一郎八木正生藤井丈司小林武史島健斎藤誠片山敦夫山本拓夫曽我淳一角谷仁宣金原千恵子包国充南谷成功[8]小倉博和[9]
2018,NHK紅白歌合戦,サザンオールスターズ,5.0,勝手にシンドバッド,,Group,Shibuya,高垣健新田一郎八木正生藤井丈司小林武史島健斎藤誠片山敦夫山本拓夫曽我淳一角谷仁宣金原千恵子包国充南谷成功[8]小倉博和[9]
2018,NHK紅白歌合戦,三代目 J Soul Brothers,7.0,R.Y.U.S.E.I.,,Group,Japan,HIRO
2018,NHK紅白歌合戦,三山ひろし,4.0,いごっそ魂〜けん玉世界記録への道、再び〜,"enka, kayokyoku",maleソロ,Nankoku,
2018,NHK紅白歌合戦,三浦大知,2.0,Be Myself 〜紅白スペシャル〜,,maleソロ,Okinawa,KREVAFolder
2018,NHK紅白歌合戦,丘みどり,2.0,鳰の湖,"enka, kayokyoku",femaleソロ,Himeji,
2018,NHK紅白歌合戦,乃木坂46,4.0,帰り道は遠回りしたくなる,kayokyoku,Group,Minato,Sony Music Entertainment秋元康
2018,NHK紅白歌合戦,五木ひろし,48.0,VIVA・LA・VIDA! 〜生きてるっていいね!〜,"enka, kayokyoku",maleソロ,Kyoto,
2018,NHK紅白歌合戦,刀剣男士,1.0,刀剣乱舞 〜出陣! 紅白歌合戦〜,musicals,Group,,
2018,NHK紅白歌合戦,北島三郎,51.0,まつり,"enka, kayokyoku",maleソロ,Shiriuchi,
2018,NHK紅白歌合戦,北島兄弟,1.0,ブラザー,"enka, kayokyoku",Group,Japan,
2018,NHK紅白歌合戦,坂本冬美,30.0,夜桜お七,"enka, kayokyoku",femaleソロ,Kamitonda,
2018,NHK紅白歌合戦,天童よしみ,23.0,ソーラン祭り節2018〜どさんこver.〜,"enka, kayokyoku, japanese classical",femaleソロ,Tanabe,
2018,NHK紅白歌合戦,宮本浩次,1.0,獣ゆく細道,kayokyoku,maleソロ,Kita,
2018,NHK紅白歌合戦,山内惠介,4.0,さらせ冬の嵐〜刀剣男士コラボスペシャル〜,,maleソロ,Itoshima,
2018,NHK紅白歌合戦,島津亜矢,5.0,時代,"enka, kayokyoku",femaleソロ,Kita-ku,
2018,NHK紅白歌合戦,嵐,10.0,嵐×紅白スペシャルメドレー[• 22],,Group,Honolulu,
2018,NHK紅白歌合戦,星野源,4.0,アイデア,,maleソロ,Saitama,"SAKEROCK（2000年 - 2015年）河村""カースケ""智康ハマ・オカモト長岡亮介ほか"
2018,NHK紅白歌合戦,松任谷由実,3.0,私が好きなユーミンのうた〜紅白スペシャル〜[• 18],"city pop, kayokyoku, j-pop, enka",femaleソロ,Hachiōji,かまやつひろし村井邦彦川添象郎ティン・パン・アレー松任谷正隆
2018,NHK紅白歌合戦,松田聖子,22.0,SEIKO DREAM MEDLEY 2018[• 16],"kayokyoku, city pop, enka, j-pop",femaleソロ,Kurume,"若松宗雄（1980年 - 1989年, 2000年 - 2003年）大村雅朗（1980年 - 1989年）[4]松本隆（1981年 - 1988年, 1999年, 2015年）小倉良（1992年 - 1998年, 2000年, 2002年, 2005年 - 2015年）原田真二（2000年 - 2004年）"
2018,NHK紅白歌合戦,椎名林檎,6.0,獣ゆく細道,,femaleソロ,Fukuoka,東京事変亀田誠治斎藤ネコ井上雨迩中山信彦村田陽一児玉裕一
2018,NHK紅白歌合戦,欅坂46,3.0,ガラスを割れ!,,Group,,Sony Music Entertainment秋元康（プロデューサー）
2018,NHK紅白歌合戦,水森かおり,16.0,水に咲く花・支笏湖へ〜イリュージョンスペシャル〜,"enka, kayokyoku",femaleソロ,Kita,
2018,NHK紅白歌合戦,氷川きよし,19.0,勝負の花道〜世界に響く和太鼓SP〜,"enka, anime, kayokyoku",maleソロ,Minami-ku,
2018,NHK紅白歌合戦,石川さゆり,41.0,天城越え,"enka, kayokyoku",femaleソロ,Kumamoto,
2018,NHK紅白歌合戦,福山雅治,11.0,2018スペシャルメドレー[• 9][• 10],"j-pop, kayokyoku",maleソロ,Nagasaki,井上鑑KOH+
2018,NHK紅白歌合戦,米津玄師,1.0,Lemon[• 19],,maleソロ,Tokushima,蔦谷好位置（2014年 - 2017年）坂東祐大（2019年 - 2023年） ほか
2018,NHK紅白歌合戦,純烈,1.0,プロポーズ,"enka, kayokyoku",Group,Japan,
2018,NHK紅白歌合戦,西野カナ,9.0,トリセツ,j-pop,femaleソロ,Matsusaka,GIORGIO 13 CANCEMIDJ Mass MAD Izm*山口隆志
2018,NHK紅白歌合戦,郷ひろみ,31.0,GOLDFINGER '99〜GO! GO! 2018〜,"kayokyoku, enka, j-pop, city pop",maleソロ,Sue,酒井政利筒美京平萩田光雄井上鑑坂本龍一大村雅朗唐木裕史
2018,NHK紅白歌合戦,関ジャニ∞,7.0,ここに,,maleソロ,Kōchi,
2018,NHK紅白歌合戦,,0.0,夢のキッズショー〜平成、その先へ〜[• 1],j-pop,maleソロ,Kōchi,
2018,ベストアーティスト,AKB48,,,"j-pop, c-pop",Group,Akihabara,秋元康（総合プロデューサー）AKB48グループ
2018,ベストアーティスト,B.B.クィーンズ,,,,maleソロ,Kōchi,織田哲郎（作曲・編曲・ギター）葉山たけし（編曲・ギター）長戸大幸（作詞・プロデュース）
2018,ベストアーティスト,DA PUMP,,,"j-pop, j-r&b, kayokyoku, anime",Group,Okinawa,m.c.A・T今井大介SASAShungo.
2018,ベストアーティスト,E-girls,,,j-pop,Group,New Jersey,
2018,ベストアーティスト,EXILE,,,"j-pop, j-r&b",Group,,
2018,ベストアーティスト,GENERATIONS from EXILE TRIBE,,,"j-pop, anime",Group,Japan,
2018,ベストアーティスト,Hey! Say! JUMP,,,j-pop,Group,,
2018,ベストアーティスト,KAT-TUN,,,j-pop,Group,,
2018,ベストアーティスト,Kiroro,,,"j-pop, kayokyoku",Group,Yomitan,
2018,ベストアーティスト,NEWS,,,classical,Group,Tokyo,
2018,ベストアーティスト,Perfume,,,"j-pop, shibuya-kei",Group,Minami-ku,中田ヤスタカMIKIKO
2018,ベストアーティスト,Sexy Zone,,,,maleソロ,Kōchi,
2018,ベストアーティスト,Superfly,,,j-pop,Group,,蔦谷好位置多保孝一松岡モトキ
2018,ベストアーティスト,WANIMA,,,"j-pop, j-rock, melodic hardcore",Group,Tokyo,
2018,ベストアーティスト,キアラ・セトル,,,,maleソロ,Kōchi,
2018,ベストアーティスト,コブクロ,,,,Group,,
2018,ベストアーティスト,ゴールデンボンバー,,,visual kei,Group,,tatsuo（everset）
2018,ベストアーティスト,ジャニーズWEST,,,,maleソロ,Kōchi,
2018,ベストアーティスト,ポルノグラフィティ,,,,Group,,田村充義
2018,ベストアーティスト,乃木坂46,,,kayokyoku,Group,Minato,Sony Music Entertainment秋元康
2018,ベストアーティスト,嵐,,,,Group,Honolulu,
2018,ベストアーティスト,嶋大輔,,,kayokyoku,maleソロ,Japan,
2018,ベストアーティスト,平井堅,,,"j-pop, j-r&b",maleソロ,Higashiōsaka,
2018,ベストアーティスト,星野源,,,,maleソロ,Saitama,"SAKEROCK（2000年 - 2015年）河村""カースケ""智康ハマ・オカモト長岡亮介ほか"
2018,ベストアーティスト,欅坂46,,,,Group,,Sony Music Entertainment秋元康（プロデューサー）
2018,ベストアーティスト,西野カナ,,,j-pop,femaleソロ,Matsusaka,GIORGIO 13 CANCEMIDJ Mass MAD Izm*山口隆志
2018,ベストアーティスト,高橋洋子,,,"anime, j-pop",femaleソロ,Tokyo,大森俊之
2018,ミュージックステーションスーパーライブ,AAA,,,,Group,Japan,
2018,ミュージックステーションスーパーライブ,AKB48,,,"j-pop, c-pop",Group,Akihabara,秋元康（総合プロデューサー）AKB48グループ
2018,ミュージックステーションスーパーライブ,Boyz II Men,,,"new jack swing, r&b, quiet storm",Group,Philadelphia,
2018,ミュージックステーションスーパーライブ,CHEMISTRY,,,"anime, j-pop, j-r&b",Group,,
2018,ミュージックステーションスーパーライブ,DA PUMP,,,"j-pop, j-r&b, kayokyoku, anime",Group,Okinawa,m.c.A・T今井大介SASAShungo.
2018,ミュージックステーションスーパーライブ,E-girls,,,j-pop,Group,New Jersey,
2018,ミュージックステーションスーパーライブ,EXILE,,,"j-pop, j-r&b",Group,,
2018,ミュージックステーションスーパーライブ,EXILE ATSUSHI,,,"j-pop, j-r&b",maleソロ,Koshigaya,EXILECOLORRED DIAMOND DOGS
2018,ミュージックステーションスーパーライブ,GENERATIONS,,,"j-pop, anime",maleソロ,Kōchi,
2018,ミュージックステーションスーパーライブ,Hey! Say! JUMP,,,j-pop,Group,,
2018,ミュージックステーションスーパーライブ,KAT-TUN,,,j-pop,Group,,
2018,ミュージックステーションスーパーライブ,KICK THE CAN CREW,,,"j-rap, japanese indie, j-pop",Group,Japan,
2018,ミュージックステーションスーパーライブ,KinKi Kids,,,j-pop,Group,,プロデューサー山下達郎吉田拓郎藤島ジュリー景子堂島孝平コンサートマスター吉田建
2018,ミュージックステーションスーパーライブ,Kis-My-Ft2,,,j-pop,Group,Tokyo,
2018,ミュージックステーションスーパーライブ,Little Glee Monster,,,"j-pop, anime",Group,,
2018,ミュージックステーションスーパーライブ,May J.,,,singer-songwriter,femaleソロ,Yate,
2018,ミュージックステーションスーパーライブ,NEWS,,,classical,Group,Tokyo,
2018,ミュージックステーションスーパーライブ,Perfume,,,"j-pop, shibuya-kei",Group,Minami-ku,中田ヤスタカMIKIKO
2018,ミュージックステーションスーパーライブ,SEKAI NO OWARI,,,"j-pop, anime",Group,Tokyo,CHRYSANTHEMUM BRIDGE小林武史
2018,ミュージックステーションスーパーライブ,Sexy Zone,,,,maleソロ,Kōchi,
2018,ミュージックステーションスーパーライブ,TWICE,,,k-pop,Group,Seoul,
2018,ミュージックステーションスーパーライブ,WANIMA,,,"j-pop, j-rock, melodic hardcore",Group,Tokyo,
2018,ミュージックステーションスーパーライブ,aiko,,,,femaleソロ,Suita,島田昌典OSTER projectトオミヨウ
2018,ミュージックステーションスーパーライブ,あいみょん,,,,femaleソロ,Nishinomiya,
2018,ミュージックステーションスーパーライブ,ゆず,,,"j-pop, anime",Group,Yokohama,
2018,ミュージックステーションスーパーライブ,コブクロ,,,,Group,,
2018,ミュージックステーションスーパーライブ,ゴールデンボンバー,,,visual kei,Group,,tatsuo（everset）
2018,ミュージックステーションスーパーライブ,ジャニーズWEST,,,,maleソロ,Kōchi,
2018,ミュージックステーションスーパーライブ,スガシカオ,,,,maleソロ,Tokyo,kōkua
2018,ミュージックステーションスーパーライブ,スキマスイッチ,,,,Group,,
2018,ミュージックステーションスーパーライブ,ポルノグラフィティ,,,,Group,,田村充義
2018,ミュージックステーションスーパーライブ,三代目 J Soul Brothers,,,,Group,Japan,HIRO
2018,ミュージックステーションスーパーライブ,三浦大知,,,,maleソロ,Okinawa,KREVAFolder
2018,ミュージックステーションスーパーライブ,乃木坂46,,,kayokyoku,Group,Minato,Sony Music Entertainment秋元康
2018,ミュージックステーションスーパーライブ,和楽器バンド,,,,Group,Japan,
2018,ミュージックステーションスーパーライブ,嵐,,,,Group,Honolulu,
2018,ミュージックステーションスーパーライブ,広瀬香美,,,city pop,femaleソロ,Wakayama,田村充義
2018,ミュージックステーションスーパーライブ,星野源,,,,maleソロ,Saitama,"SAKEROCK（2000年 - 2015年）河村""カースケ""智康ハマ・オカモト長岡亮介ほか"
2018,ミュージックステーションスーパーライブ,欅坂46,,,,Group,,Sony Music Entertainment秋元康（プロデューサー）
2018,ミュージックステーションスーパーライブ,武田真治,,,,maleソロ,Nagoya,
2018,ミュージックステーションスーパーライブ,菅田将暉,,,,maleソロ,Minoh,
2018,ミュージックステーションスーパーライブ,西野カナ,,,j-pop,femaleソロ,Matsusaka,GIORGIO 13 CANCEMIDJ Mass MAD Izm*山口隆志
2018,ミュージックステーションスーパーライブ,関ジャニ∞,,,,maleソロ,Kōchi,
2018,ミュージックステーションスーパーライブ,青山テルマ,,,,femaleソロ,Yamatotakada,
2019,NHK紅白歌合戦,AI美空ひばり,0.0,あれから,,femaleソロ,Isogo-ku,
2019,NHK紅白歌合戦,AKB48,12.0,恋するフォーチュンクッキー〜紅白世界選抜SP〜,"j-pop, c-pop",Group,Akihabara,秋元康（総合プロデューサー）AKB48グループ
2019,NHK紅白歌合戦,DA PUMP,7.0,DA PUMP 〜ONE TEAMメドレー〜[• 7],"j-pop, j-r&b, kayokyoku, anime",Group,Okinawa,m.c.A・T今井大介SASAShungo.
2019,NHK紅白歌合戦,Foorin,1.0,パプリカ -紅白スペシャルバージョン-,j-pop,maleソロ,Kōchi,
2019,NHK紅白歌合戦,GENERATIONS,1.0,EXPerience Greatness,"j-pop, anime",maleソロ,Kōchi,
2019,NHK紅白歌合戦,Hey! Say! JUMP,3.0,上を向いて歩こう 〜令和スペシャルバージョン〜,j-pop,Group,,
2019,NHK紅白歌合戦,King Gnu,1.0,白日,"j-pop, anime, j-rock",maleソロ,Portland,
2019,NHK紅白歌合戦,Kis-My-Ft2,1.0,Everybody Go,j-pop,Group,Tokyo,
2019,NHK紅白歌合戦,LiSA,1.0,紅蓮華,"anime, j-pop, j-rock",femaleソロ,Seki,
2019,NHK紅白歌合戦,Little Glee Monster,3.0,ECHO,"j-pop, anime",Group,,
2019,NHK紅白歌合戦,MISIA,4.0,アイノカタチメドレー[• 29],,femaleソロ,Tsushima,鷺巣詩郎黒田卓也エリカ・バドゥマーカス・ミラーなど
2019,NHK紅白歌合戦,Official髭男dism,1.0,Pretender,,Group,Shimane,
2019,NHK紅白歌合戦,Perfume,12.0,FUSION -紅白Ver.-[• 18],"j-pop, shibuya-kei",Group,Minami-ku,中田ヤスタカMIKIKO
2019,NHK紅白歌合戦,RADWIMPS[• 20],2.0,天気の子 紅白スペシャル[• 21],"anime, j-pop, j-rock",Group,Yokohama,
2019,NHK紅白歌合戦,Superfly,4.0,フレア,j-pop,Group,,蔦谷好位置多保孝一松岡モトキ
2019,NHK紅白歌合戦,TWICE,3.0,Let's Dance Medley 2019[• 6],k-pop,Group,Seoul,
2019,NHK紅白歌合戦,aiko,14.0,花火,,femaleソロ,Suita,島田昌典OSTER projectトオミヨウ
2019,NHK紅白歌合戦,いきものがかり,11.0,風が吹いている,,Group,Kanagawa,本間昭光亀田誠治島田昌典江口亮
2019,NHK紅白歌合戦,おしりたんてい,0.0,ププッとフムッとかいけつダンス,,maleソロ,Kōchi,
2019,NHK紅白歌合戦,ゆず,10.0,紅白SPメドレー 2019-2020[• 24],"j-pop, anime",Group,Yokohama,
2019,NHK紅白歌合戦,ジャニーズJr.,0.0,Let's Go to 2020 Tokyo,,maleソロ,Kōchi,
2019,NHK紅白歌合戦,ダイアモンド☆ユカイ,0.0,君はともだち,,maleソロ,Saitama,RED WARRIORS
2019,NHK紅白歌合戦,ビートたけし,1.0,浅草キッド,,maleソロ,Adachi,
2019,NHK紅白歌合戦,三山ひろし,5.0,望郷山河 〜第3回 けん玉世界記録への道〜,"enka, kayokyoku",maleソロ,Nankoku,
2019,NHK紅白歌合戦,三浦大知,3.0,Blizzard,,maleソロ,Okinawa,KREVAFolder
2019,NHK紅白歌合戦,丘みどり,3.0,紙の鶴,"enka, kayokyoku",femaleソロ,Himeji,
2019,NHK紅白歌合戦,中元みずき,0.0,イントゥ・ジ・アンノウン〜心のままに,,maleソロ,Tokyo,
2019,NHK紅白歌合戦,乃木坂46[• 16],5.0,シンクロニシティ,kayokyoku,Group,Minato,Sony Music Entertainment秋元康
2019,NHK紅白歌合戦,五木ひろし,49.0,VIVA LA VIDA! 〜生きてるっていいね!〜,"enka, kayokyoku",maleソロ,Kyoto,
2019,NHK紅白歌合戦,坂本冬美,31.0,祝い酒 〜祝!令和バージョン〜,"enka, kayokyoku",femaleソロ,Kamitonda,
2019,NHK紅白歌合戦,天童よしみ,24.0,大阪恋時雨,"enka, kayokyoku, japanese classical",femaleソロ,Tanabe,
2019,NHK紅白歌合戦,山内惠介,5.0,唇スカーレット,,maleソロ,Itoshima,
2019,NHK紅白歌合戦,島津亜矢,6.0,糸,"enka, kayokyoku",femaleソロ,Kita-ku,
2019,NHK紅白歌合戦,嵐,11.0,嵐×紅白スペシャルメドレー[• 30],,Group,Honolulu,
2019,NHK紅白歌合戦,嵐[• 25],0.0,カイト,,Group,Honolulu,
2019,NHK紅白歌合戦,日向坂46,1.0,キュン,,Group,Japan,Sony Music Entertainment秋元康
2019,NHK紅白歌合戦,星野源[• 17],5.0,Same Thing,,maleソロ,Saitama,"SAKEROCK（2000年 - 2015年）河村""カースケ""智康ハマ・オカモト長岡亮介ほか"
2019,NHK紅白歌合戦,松任谷由実,4.0,ノーサイド,"city pop, kayokyoku, j-pop, enka",femaleソロ,Hachiōji,かまやつひろし村井邦彦川添象郎ティン・パン・アレー松任谷正隆
2019,NHK紅白歌合戦,松田聖子,23.0,Seiko Best Song Medley[• 28],"kayokyoku, city pop, enka, j-pop",femaleソロ,Kurume,"若松宗雄（1980年 - 1989年, 2000年 - 2003年）大村雅朗（1980年 - 1989年）[4]松本隆（1981年 - 1988年, 1999年, 2015年）小倉良（1992年 - 1998年, 2000年, 2002年, 2005年 - 2015年）原田真二（2000年 - 2004年）"
2019,NHK紅白歌合戦,椎名林檎,7.0,人生は夢だらけ〜お願いガッテン篇〜[• 14],,femaleソロ,Fukuoka,東京事変亀田誠治斎藤ネコ井上雨迩中山信彦村田陽一児玉裕一
2019,NHK紅白歌合戦,欅坂46[• 8][• 9],4.0,不協和音,,Group,,Sony Music Entertainment秋元康（プロデューサー）
2019,NHK紅白歌合戦,水森かおり,17.0,高遠 さくら路 〜イリュージョンスペシャル〜,"enka, kayokyoku",femaleソロ,Kita,
2019,NHK紅白歌合戦,氷川きよし,20.0,紅白限界突破スペシャルメドレー[• 27],"enka, anime, kayokyoku",maleソロ,Minami-ku,
2019,NHK紅白歌合戦,石川さゆり,42.0,津軽海峡・冬景色,"enka, kayokyoku",femaleソロ,Kumamoto,
2019,NHK紅白歌合戦,福山雅治[• 4],12.0,デビュー30周年直前SPメドレー[• 5],"j-pop, kayokyoku",maleソロ,Nagasaki,井上鑑KOH+
2019,NHK紅白歌合戦,竹内まりや[• 23],1.0,いのちの歌,,femaleソロ,Izumo,山下達郎（結婚 1982年）
2019,NHK紅白歌合戦,純烈,2.0,純烈のハッピーバースデー,"enka, kayokyoku",Group,Japan,
2019,NHK紅白歌合戦,菅田将暉,1.0,まちがいさがし,,maleソロ,Minoh,
2019,NHK紅白歌合戦,郷ひろみ,32.0,"2億4千万の瞳 -エキゾチック""GO!GO!""ジャパン-","kayokyoku, enka, j-pop, city pop",maleソロ,Sue,酒井政利筒美京平萩田光雄井上鑑坂本龍一大村雅朗唐木裕史
2019,NHK紅白歌合戦,関ジャニ∞,8.0,関ジャニ∞ 前向きにきばってこーぜ!OSAKAメドレー[• 15],,maleソロ,Kōchi,
2019,ベストアーティスト,DA PUMP,,,"j-pop, j-r&b, kayokyoku, anime",Group,Okinawa,m.c.A・T今井大介SASAShungo.
2019,ベストアーティスト,DEAN FUJIOKA,,,anime,maleソロ,Steubenville,
2019,ベストアーティスト,DJ松永（Creepy Nuts）,,,,Group,,
2019,ベストアーティスト,Foorin,,,j-pop,maleソロ,Kōchi,
2019,ベストアーティスト,GENERATIONS from EXILE TRIBE,,,"j-pop, anime",Group,Japan,
2019,ベストアーティスト,Hey! Say! JUMP,,,j-pop,Group,,
2019,ベストアーティスト,KAT-TUN,,,j-pop,Group,,
2019,ベストアーティスト,King Gnu,,,"j-pop, anime, j-rock",maleソロ,Portland,
2019,ベストアーティスト,LUNA SEA,,,"visual kei, j-rock",Group,Kanagawa,
2019,ベストアーティスト,Little Glee Monster,,,"j-pop, anime",Group,,
2019,ベストアーティスト,MIYAVI,,,"j-rock, visual kei",maleソロ,Konohana-ku,Dué le quartzKAVKI BOIZS.K.I.N.THE LAST ROCKSTARS亀田誠治（2012年- ）
2019,ベストアーティスト,Matt,,,,maleソロ,Kōchi,
2019,ベストアーティスト,NEWS,,,classical,Group,Tokyo,
2019,ベストアーティスト,Perfume,,,"j-pop, shibuya-kei",Group,Minami-ku,中田ヤスタカMIKIKO
2019,ベストアーティスト,SEKAI NO OWARI,,,"j-pop, anime",Group,Tokyo,CHRYSANTHEMUM BRIDGE小林武史
2019,ベストアーティスト,Sexy Zone,,,,maleソロ,Kōchi,
2019,ベストアーティスト,SixTONES,,,j-pop,Group,Japan,
2019,ベストアーティスト,Snow Man,,,j-pop,Group,Japan,
2019,ベストアーティスト,Superfly,,,j-pop,Group,,蔦谷好位置多保孝一松岡モトキ
2019,ベストアーティスト,THE RAMPAGE from EXILE TRIBE,,,j-pop,Group,Tokyo,
2019,ベストアーティスト,WANIMA,,,"j-pop, j-rock, melodic hardcore",Group,Tokyo,
2019,ベストアーティスト,いきものがかり,,,,Group,Kanagawa,本間昭光亀田誠治島田昌典江口亮
2019,ベストアーティスト,ジェジュン,,,,maleソロ,Kōchi,JYJ東方神起
2019,ベストアーティスト,ジャニーズWEST,,,,maleソロ,Kōchi,
2019,ベストアーティスト,三代目 J SOUL BROTHERS from EXILE TRIBE,,,,Group,Japan,HIRO
2019,ベストアーティスト,三浦大知,,,,maleソロ,Okinawa,KREVAFolder
2019,ベストアーティスト,中元みずき,,,,maleソロ,Tokyo,
2019,ベストアーティスト,乃木坂46,,,kayokyoku,Group,Minato,Sony Music Entertainment秋元康
2019,ベストアーティスト,倉木麻衣,,,"j-pop, anime",femaleソロ,Funabashi,
2019,ベストアーティスト,山崎育三郎,,,,maleソロ,Tokyo,
2019,ベストアーティスト,嵐,,,,Group,Honolulu,
2019,ベストアーティスト,平井堅,,,"j-pop, j-r&b",maleソロ,Higashiōsaka,
2019,ベストアーティスト,日向坂46,,,,Group,Japan,Sony Music Entertainment秋元康
2019,ベストアーティスト,森山直太朗,,,,maleソロ,Tokyo,御徒町凧
2019,ベストアーティスト,槇原敬之,,,j-pop,maleソロ,Takatsuki,
2019,ベストアーティスト,欅坂46,,,,Group,,Sony Music Entertainment秋元康（プロデューサー）
2019,ベストアーティスト,花*花,,,j-pop,Group,Takasago,品川知昭（プロデュース）大野正信（コ・プロデュース）パパダイスケ（サウンドプロデュース）
2019,ベストアーティスト,関ジャニ∞,,,,maleソロ,Kōchi,
2019,ベストアーティスト,麻倉未稀,,,"kayokyoku, city pop",femaleソロ,Osaka,
2019,ミュージックステーションスーパーライブ,A.B.C-Z,,,,Group,,
2019,ミュージックステーションスーパーライブ,AI,,,cumbia,femaleソロ,Los Angeles,
2019,ミュージックステーションスーパーライブ,AKB48,,,"j-pop, c-pop",Group,Akihabara,秋元康（総合プロデューサー）AKB48グループ
2019,ミュージックステーションスーパーライブ,BABYMETAL,,,j-rock,Group,Tokyo,KOBAMETAL（プロデュース）
2019,ミュージックステーションスーパーライブ,BARBEE BOYS,,,"kayokyoku, j-pop, j-rock",Group,Hawthorne,
2019,ミュージックステーションスーパーライブ,BLUE ENCOUNT,,,"anime, j-rock, j-pop",Group,,
2019,ミュージックステーションスーパーライブ,CHEMISTRY,,,"anime, j-pop, j-r&b",Group,,
2019,ミュージックステーションスーパーライブ,DA PUMP,,,"j-pop, j-r&b, kayokyoku, anime",Group,Okinawa,m.c.A・T今井大介SASAShungo.
2019,ミュージックステーションスーパーライブ,DEAN FUJIOKA,,,anime,maleソロ,Steubenville,
2019,ミュージックステーションスーパーライブ,E-girls,,,j-pop,Group,New Jersey,
2019,ミュージックステーションスーパーライブ,EXILE,,,"j-pop, j-r&b",Group,,
2019,ミュージックステーションスーパーライブ,Foorin,,,j-pop,maleソロ,Kōchi,
2019,ミュージックステーションスーパーライブ,GENERATIONS,,,"j-pop, anime",maleソロ,Kōchi,
2019,ミュージックステーションスーパーライブ,Hey! Say! JUMP,,,j-pop,Group,,
2019,ミュージックステーションスーパーライブ,KAT-TUN,,,j-pop,Group,,
2019,ミュージックステーションスーパーライブ,KREVA,,,"j-rap, j-pop, j-r&b",maleソロ,Edogawa,KICK THE CAN CREWDJ SHUHO熊井吾郎
2019,ミュージックステーションスーパーライブ,KinKi Kids,,,j-pop,Group,,プロデューサー山下達郎吉田拓郎藤島ジュリー景子堂島孝平コンサートマスター吉田建
2019,ミュージックステーションスーパーライブ,King Gnu,,,"j-pop, anime, j-rock",maleソロ,Portland,
2019,ミュージックステーションスーパーライブ,Kis-My-Ft2,,,j-pop,Group,Tokyo,
2019,ミュージックステーションスーパーライブ,LUNA SEA,,,"visual kei, j-rock",Group,Kanagawa,
2019,ミュージックステーションスーパーライブ,LiSA,,,"anime, j-pop, j-rock",femaleソロ,Seki,
2019,ミュージックステーションスーパーライブ,Little Glee Monster,,,"j-pop, anime",Group,,
2019,ミュージックステーションスーパーライブ,MAN WITH A MISSION,,,"anime, j-rock, j-pop",Group,Tokyo,
2019,ミュージックステーションスーパーライブ,MISIA,,,,femaleソロ,Tsushima,鷺巣詩郎黒田卓也エリカ・バドゥマーカス・ミラーなど
2019,ミュージックステーションスーパーライブ,NEWS,,,classical,Group,Tokyo,
2019,ミュージックステーションスーパーライブ,Official髭男dism,,,,Group,Shimane,
2019,ミュージックステーションスーパーライブ,Perfume,,,"j-pop, shibuya-kei",Group,Minami-ku,中田ヤスタカMIKIKO
2019,ミュージックステーションスーパーライブ,SEKAI NO OWARI,,,"j-pop, anime",Group,Tokyo,CHRYSANTHEMUM BRIDGE小林武史
2019,ミュージックステーションスーパーライブ,Sexy Zone,,,,maleソロ,Kōchi,
2019,ミュージックステーションスーパーライブ,Superfly,,,j-pop,Group,,蔦谷好位置多保孝一松岡モトキ
2019,ミュージックステーションスーパーライブ,THE RAMPAGE,,,j-pop,Group,Liverpool,
2019,ミュージックステーションスーパーライブ,THE YELLOW MONKEY,,,"j-rock, j-pop, kayokyoku, visual kei",Group,Tokyo,
2019,ミュージックステーションスーパーライブ,Toshl,,,"kayokyoku, j-pop",maleソロ,Kōchi,X JAPAN
2019,ミュージックステーションスーパーライブ,V6,,,pop punk,Group,,
2019,ミュージックステーションスーパーライブ,WANIMA,,,"j-pop, j-rock, melodic hardcore",Group,Tokyo,
2019,ミュージックステーションスーパーライブ,aiko,,,,femaleソロ,Suita,島田昌典OSTER projectトオミヨウ
2019,ミュージックステーションスーパーライブ,m-flo,,,"j-r&b, j-pop, j-rap, shibuya-kei",Group,,
2019,ミュージックステーションスーパーライブ,milet,,,"j-pop, anime, j-rock",femaleソロ,,
2019,ミュージックステーションスーパーライブ,いきものがかり,,,,Group,Kanagawa,本間昭光亀田誠治島田昌典江口亮
2019,ミュージックステーションスーパーライブ,きゃりーぱみゅぱみゅ,,,j-pop,femaleソロ,Nishitōkyō,中田ヤスタカ増田セバスチャンMAIKO
2019,ミュージックステーションスーパーライブ,ゆず,,,"j-pop, anime",Group,Yokohama,
2019,ミュージックステーションスーパーライブ,コブクロ,,,,Group,,
2019,ミュージックステーションスーパーライブ,ゴスペラーズ,,,,Group,,
2019,ミュージックステーションスーパーライブ,ゴールデンボンバー,,,visual kei,Group,,tatsuo（everset）
2019,ミュージックステーションスーパーライブ,ジェジュン,,,,maleソロ,Kōchi,JYJ東方神起
2019,ミュージックステーションスーパーライブ,ジャニーズWEST,,,,maleソロ,Kōchi,
2019,ミュージックステーションスーパーライブ,スキマスイッチ,,,,Group,,
2019,ミュージックステーションスーパーライブ,一青窈,,,,femaleソロ,Taiwan,武部聡志小林武史
2019,ミュージックステーションスーパーライブ,三代目 J SOUL BROTHERS,,,,Group,Japan,HIRO
2019,ミュージックステーションスーパーライブ,三浦大知,,,,maleソロ,Okinawa,KREVAFolder
2019,ミュージックステーションスーパーライブ,三浦祐太朗,,,,maleソロ,Hino,Peaky SALT
2019,ミュージックステーションスーパーライブ,乃木坂46,,,kayokyoku,Group,Minato,Sony Music Entertainment秋元康
2019,ミュージックステーションスーパーライブ,倉木麻衣,,,"j-pop, anime",femaleソロ,Funabashi,
2019,ミュージックステーションスーパーライブ,倖田來未,,,,femaleソロ,Kyoto,Max Matsuura
2019,ミュージックステーションスーパーライブ,和楽器バンド,,,,Group,Japan,
2019,ミュージックステーションスーパーライブ,宮本浩次,,,kayokyoku,maleソロ,Kita,
2019,ミュージックステーションスーパーライブ,小沢健二,,,"shibuya-kei, j-pop, kayokyoku, city pop",maleソロ,Sagamihara,
2019,ミュージックステーションスーパーライブ,山下智久,,,"j-r&b, j-pop",maleソロ,Funabashi,
2019,ミュージックステーションスーパーライブ,嵐,,,,Group,Honolulu,
2019,ミュージックステーションスーパーライブ,平井堅,,,"j-pop, j-r&b",maleソロ,Higashiōsaka,
2019,ミュージックステーションスーパーライブ,平井大,,,,maleソロ,Tokyo,EIGO西陽仁nabeLTD
2019,ミュージックステーションスーパーライブ,平手友梨奈（欅坂46）,,,,femaleソロ,Aichi,
2019,ミュージックステーションスーパーライブ,日向坂46,,,,Group,Japan,Sony Music Entertainment秋元康
2019,ミュージックステーションスーパーライブ,木村カエラ,,,,femaleソロ,Adachi,サディスティック・ミカ・バンド
2019,ミュージックステーションスーパーライブ,東京スカパラダイスオーケストラ,,,,Group,Tokyo,
2019,ミュージックステーションスーパーライブ,森山直太朗,,,,maleソロ,Tokyo,御徒町凧
2019,ミュージックステーションスーパーライブ,椎名林檎,,,,femaleソロ,Fukuoka,東京事変亀田誠治斎藤ネコ井上雨迩中山信彦村田陽一児玉裕一
2019,ミュージックステーションスーパーライブ,欅坂46,,,,Group,,Sony Music Entertainment秋元康（プロデューサー）
2019,ミュージックステーションスーパーライブ,石丸幹二,,,,maleソロ,Niihama,
2019,ミュージックステーションスーパーライブ,秦基博,,,anime,maleソロ,Nichinan,上田禎亀田誠治島田昌典福耳
2019,ミュージックステーションスーパーライブ,荻野目洋子,,,"city pop, kayokyoku, j-pop, enka",femaleソロ,Kashiwa,
2019,ミュージックステーションスーパーライブ,菅田将暉,,,,maleソロ,Minoh,
2019,ミュージックステーションスーパーライブ,関ジャニ∞,,,,maleソロ,Kōchi,
2020,NHK紅白歌合戦,BABYMETAL,1.0,イジメ、ダメ、ゼッタイ,j-rock,Group,Tokyo,KOBAMETAL（プロデュース）
2020,NHK紅白歌合戦,Foorin[• 2],2.0,パプリカ,j-pop,maleソロ,Kōchi,
2020,NHK紅白歌合戦,GENERATIONS,2.0,You&I,"j-pop, anime",maleソロ,Kōchi,
2020,NHK紅白歌合戦,GReeeeN,1.0,星影のエール 紅白SP[• 17],j-pop,maleソロ,Kōchi,
2020,NHK紅白歌合戦,Hey!Say!JUMP,4.0,紅白SPメドレー 〜みんなでエール2020〜[• 6],j-pop,Group,,
2020,NHK紅白歌合戦,JUJU,1.0,やさしさで溢れるように,"j-pop, kayokyoku, j-r&b",femaleソロ,Shōbara,
2020,NHK紅白歌合戦,Kis-My-Ft2[• 2],2.0,We never give up!,j-pop,Group,Tokyo,
2020,NHK紅白歌合戦,LiSA,2.0,アニメ「鬼滅の刃」紅白SPメドレー[• 20],"anime, j-pop, j-rock",femaleソロ,Seki,
2020,NHK紅白歌合戦,Little Glee Monster[• 2][• 7],4.0,足跡,"j-pop, anime",Group,,
2020,NHK紅白歌合戦,MISIA,5.0,アイノカタチ,,femaleソロ,Tsushima,鷺巣詩郎黒田卓也エリカ・バドゥマーカス・ミラーなど
2020,NHK紅白歌合戦,Mr.Children[• 25],2.0,Documentary film,"j-pop, kayokyoku, j-rock",Group,Shibuya,小林武史（1992年 - 2014年)
2020,NHK紅白歌合戦,NiziU,1.0,Make you happy,"j-pop, k-pop",Group,Seoul,ソニー・ミュージックエンタテインメントJ.Y. Park
2020,NHK紅白歌合戦,Official髭男dism[• 2],2.0,I LOVE...,,Group,Shimane,
2020,NHK紅白歌合戦,Perfume[• 2],13.0,Perfume Medley 2020[• 14],"j-pop, shibuya-kei",Group,Minami-ku,中田ヤスタカMIKIKO
2020,NHK紅白歌合戦,SixTONES,1.0,Imitation Rain,j-pop,Group,Japan,
2020,NHK紅白歌合戦,Superfly[• 3],5.0,愛をこめて花束を,j-pop,Group,,蔦谷好位置多保孝一松岡モトキ
2020,NHK紅白歌合戦,YOASOBI[• 21],1.0,夜に駆ける[59],"j-pop, anime",Group,,
2020,NHK紅白歌合戦,YOSHIKI,3.0,ENDLESS RAIN[• 24],j-rap,maleソロ,Kōchi,X JAPANViolet UKL・O・XV2globe extremeS.K.I.N.THE LAST ROCKSTARS
2020,NHK紅白歌合戦,milet,1.0,inside you,"j-pop, anime, j-rock",femaleソロ,,
2020,NHK紅白歌合戦,あいみょん,2.0,裸の心,,femaleソロ,Nishinomiya,
2020,NHK紅白歌合戦,さだまさし[• 3],20.0,奇跡2021,"kayokyoku, enka, j-pop, folk",maleソロ,Nagasaki,グレープ渡辺俊幸
2020,NHK紅白歌合戦,ゆず[• 3],11.0,雨のち晴レルヤ 〜歓喜の歌 紅白SP〜,"j-pop, anime",Group,Yokohama,
2020,NHK紅白歌合戦,三山ひろし,6.0,北のおんな町 〜第4回けん玉世界記録への道〜,"enka, kayokyoku",maleソロ,Nankoku,
2020,NHK紅白歌合戦,乃木坂46,6.0,Route 246,kayokyoku,Group,Minato,Sony Music Entertainment秋元康
2020,NHK紅白歌合戦,五木ひろし,50.0,山河,"enka, kayokyoku",maleソロ,Kyoto,
2020,NHK紅白歌合戦,坂本冬美,32.0,ブッダのように私は死んだ,"enka, kayokyoku",femaleソロ,Kamitonda,
2020,NHK紅白歌合戦,天童よしみ,25.0,あんたの花道 ～腹筋太鼓乱れ打ちSP～,"enka, kayokyoku, japanese classical",femaleソロ,Tanabe,
2020,NHK紅白歌合戦,山内惠介[• 3],6.0,恋する街角,,maleソロ,Itoshima,
2020,NHK紅白歌合戦,嵐[• 18],12.0,嵐×紅白 2020スペシャルメドレー[• 19],,Group,Honolulu,
2020,NHK紅白歌合戦,日向坂46,2.0,アザトカワイイ,,Group,Japan,Sony Music Entertainment秋元康
2020,NHK紅白歌合戦,星野源[• 25],6.0,うちで踊ろう (大晦日),,maleソロ,Saitama,"SAKEROCK（2000年 - 2015年）河村""カースケ""智康ハマ・オカモト長岡亮介ほか"
2020,NHK紅白歌合戦,東京事変[• 2],1.0,うるうるうるう〜能動的閏〆篇〜[• 23],,Group,Japan,井上雨迩
2020,NHK紅白歌合戦,松任谷由実[• 2][• 26],5.0,守ってあげたい,"city pop, kayokyoku, j-pop, enka",femaleソロ,Hachiōji,かまやつひろし村井邦彦川添象郎ティン・パン・アレー松任谷正隆
2020,NHK紅白歌合戦,松田聖子,24.0,瑠璃色の地球 2020,"kayokyoku, city pop, enka, j-pop",femaleソロ,Kurume,"若松宗雄（1980年 - 1989年, 2000年 - 2003年）大村雅朗（1980年 - 1989年）[4]松本隆（1981年 - 1988年, 1999年, 2015年）小倉良（1992年 - 1998年, 2000年, 2002年, 2005年 - 2015年）原田真二（2000年 - 2004年）"
2020,NHK紅白歌合戦,櫻坂46,1.0,Nobody's fault,j-pop,Group,,Sony Music Entertainment秋元康（プロデューサー）
2020,NHK紅白歌合戦,水森かおり,18.0,瀬戸内 小豆島 〜2020映えSP〜,"enka, kayokyoku",femaleソロ,Kita,
2020,NHK紅白歌合戦,氷川きよし,21.0,限界突破×サバイバー,"enka, anime, kayokyoku",maleソロ,Minami-ku,
2020,NHK紅白歌合戦,玉置浩二[• 25],2.0,田園,"kayokyoku, j-pop, enka",maleソロ,Asahikawa,安全地帯松井五郎須藤晃
2020,NHK紅白歌合戦,瑛人,1.0,香水,vocaloid,maleソロ,Yokohama,小野寺淳之介（ギター）ルンヒャン（シンガーソングライター）
2020,NHK紅白歌合戦,石川さゆり,43.0,天城越え,"enka, kayokyoku",femaleソロ,Kumamoto,
2020,NHK紅白歌合戦,福山雅治,13.0,家族になろうよ,"j-pop, kayokyoku",maleソロ,Nagasaki,井上鑑KOH+
2020,NHK紅白歌合戦,純烈,3.0,愛をください 〜Don't you cry〜,"enka, kayokyoku",Group,Japan,
2020,NHK紅白歌合戦,郷ひろみ,33.0,筒美京平 トリビュートメドレー[• 15],"kayokyoku, enka, j-pop, city pop",maleソロ,Sue,酒井政利筒美京平萩田光雄井上鑑坂本龍一大村雅朗唐木裕史
2020,NHK紅白歌合戦,鈴木雅之,3.0,夢で逢えたら,"anime, j-pop, kayokyoku, city pop",maleソロ,Ōta,ラッツ&スター
2020,NHK紅白歌合戦,関ジャニ∞,9.0,みんなで踊ろう!前向きスクリーム!,,maleソロ,Kōchi,
2020,NHK紅白歌合戦,,0.0,紅白 ディズニースペシャルメドレー[• 12][• 13],j-pop,maleソロ,Kōchi,
2020,NHK紅白歌合戦,,0.0,連続テレビ小説「エール」[• 16],j-pop,maleソロ,Kōchi,
2020,ベストアーティスト,AKB48,,,"j-pop, c-pop",Group,Akihabara,秋元康（総合プロデューサー）AKB48グループ
2020,ベストアーティスト,BTS,,,pop punk,Group,Seoul,
2020,ベストアーティスト,DA PUMP,,,"j-pop, j-r&b, kayokyoku, anime",Group,Okinawa,m.c.A・T今井大介SASAShungo.
2020,ベストアーティスト,DISH//,,,"midwest emo, math rock",Group,,
2020,ベストアーティスト,EXILE,,,"j-pop, j-r&b",Group,,
2020,ベストアーティスト,Foorin,,,j-pop,maleソロ,Kōchi,
2020,ベストアーティスト,GENERATIONS from EXILE TRIBE,,,"j-pop, anime",Group,Japan,
2020,ベストアーティスト,Hey! Say! JUMP,,,j-pop,Group,,
2020,ベストアーティスト,IZ*ONE,,,k-pop,Group,Seoul,"ハン・ソンス（韓国, 2018年10月 - 2020年4月）SWING Entertainment（韓国, 2020年4月 - 2021年4月）秋元康（日本）Vernalossom（日本）"
2020,ベストアーティスト,KAT-TUN,,,j-pop,Group,,
2020,ベストアーティスト,LiSA,,,"anime, j-pop, j-rock",femaleソロ,Seki,
2020,ベストアーティスト,Mr.Children,,,"j-pop, kayokyoku, j-rock",Group,Shibuya,小林武史（1992年 - 2014年)
2020,ベストアーティスト,NEWS,,,classical,Group,Tokyo,
2020,ベストアーティスト,NiziU,,,"j-pop, k-pop",Group,Seoul,ソニー・ミュージックエンタテインメントJ.Y. Park
2020,ベストアーティスト,Perfume,,,"j-pop, shibuya-kei",Group,Minami-ku,中田ヤスタカMIKIKO
2020,ベストアーティスト,SEKAI NO OWARI,,,"j-pop, anime",Group,Tokyo,CHRYSANTHEMUM BRIDGE小林武史
2020,ベストアーティスト,Sexy Zone,,,,maleソロ,Kōchi,
2020,ベストアーティスト,SixTONES,,,j-pop,Group,Japan,
2020,ベストアーティスト,Snow Man,,,j-pop,Group,Japan,
2020,ベストアーティスト,TOMORROW X TOGETHER,,,k-pop,Group,Seoul,HYBE
2020,ベストアーティスト,いきものがかり,,,,Group,Kanagawa,本間昭光亀田誠治島田昌典江口亮
2020,ベストアーティスト,ジェジュン,,,,maleソロ,Kōchi,JYJ東方神起
2020,ベストアーティスト,ジャニーズWEST,,,,maleソロ,Kōchi,
2020,ベストアーティスト,ナオト・インティライミ,,,,maleソロ,,
2020,ベストアーティスト,三代目 J SOUL BROTHERS from EXILE TRIBE,,,,Group,Japan,HIRO
2020,ベストアーティスト,三浦大知,,,,maleソロ,Okinawa,KREVAFolder
2020,ベストアーティスト,乃木坂46,,,kayokyoku,Group,Minato,Sony Music Entertainment秋元康
2020,ベストアーティスト,宮本浩次,,,kayokyoku,maleソロ,Kita,
2020,ベストアーティスト,家入レオ,,,,femaleソロ,,西尾芳彦
2020,ベストアーティスト,嵐,,,,Group,Honolulu,
2020,ベストアーティスト,日向坂46,,,,Group,Japan,Sony Music Entertainment秋元康
2020,ベストアーティスト,柴咲コウ,,,,femaleソロ,Toshima,
2020,ベストアーティスト,池田エライザ,,,j-pop,femaleソロ,Philippines,
2020,ベストアーティスト,清塚信也,,,,maleソロ,Tokyo,
2020,ベストアーティスト,福山雅治,,,"j-pop, kayokyoku",maleソロ,Nagasaki,井上鑑KOH+
2020,ベストアーティスト,絢香,,,"j-pop, kayokyoku",femaleソロ,Moriguchi,西尾芳彦
2020,ベストアーティスト,関ジャニ∞,,,,maleソロ,Kōchi,
2020,ベストアーティスト,［Alexandros］,,,"j-rock, j-pop, anime",Group,Kanagawa,
2020,ミュージックステーションスーパーライブ,A.B.C-Z,,,,Group,,
2020,ミュージックステーションスーパーライブ,AI,,,cumbia,femaleソロ,Los Angeles,
2020,ミュージックステーションスーパーライブ,AKB48,,,"j-pop, c-pop",Group,Akihabara,秋元康（総合プロデューサー）AKB48グループ
2020,ミュージックステーションスーパーライブ,BABYMETAL,,,j-rock,Group,Tokyo,KOBAMETAL（プロデュース）
2020,ミュージックステーションスーパーライブ,BoA,,,,femaleソロ,Guri,GOT the beat
2020,ミュージックステーションスーパーライブ,CHEMISTRY,,,"anime, j-pop, j-r&b",Group,,
2020,ミュージックステーションスーパーライブ,DA PUMP,,,"j-pop, j-r&b, kayokyoku, anime",Group,Okinawa,m.c.A・T今井大介SASAShungo.
2020,ミュージックステーションスーパーライブ,DISH//,,,"midwest emo, math rock",Group,,
2020,ミュージックステーションスーパーライブ,E-girls,,,j-pop,Group,New Jersey,
2020,ミュージックステーションスーパーライブ,EXILE,,,"j-pop, j-r&b",Group,,
2020,ミュージックステーションスーパーライブ,Foorin,,,j-pop,maleソロ,Kōchi,
2020,ミュージックステーションスーパーライブ,GENERATIONS,,,"j-pop, anime",maleソロ,Kōchi,
2020,ミュージックステーションスーパーライブ,Hey! Say! JUMP,,,j-pop,Group,,
2020,ミュージックステーションスーパーライブ,JUJU,,,"j-pop, kayokyoku, j-r&b",femaleソロ,Shōbara,
2020,ミュージックステーションスーパーライブ,Jr.EXILE,,,,maleソロ,Kōchi,
2020,ミュージックステーションスーパーライブ,KAT-TUN,,,j-pop,Group,,
2020,ミュージックステーションスーパーライブ,KinKi Kids,,,j-pop,Group,,プロデューサー山下達郎吉田拓郎藤島ジュリー景子堂島孝平コンサートマスター吉田建
2020,ミュージックステーションスーパーライブ,King Gnu,,,"j-pop, anime, j-rock",maleソロ,Portland,
2020,ミュージックステーションスーパーライブ,Kis-My-Ft2,,,j-pop,Group,Tokyo,
2020,ミュージックステーションスーパーライブ,LiSA,,,"anime, j-pop, j-rock",femaleソロ,Seki,
2020,ミュージックステーションスーパーライブ,Little Glee Monster,,,"j-pop, anime",Group,,
2020,ミュージックステーションスーパーライブ,MISIA,,,,femaleソロ,Tsushima,鷺巣詩郎黒田卓也エリカ・バドゥマーカス・ミラーなど
2020,ミュージックステーションスーパーライブ,Mr.Children,,,"j-pop, kayokyoku, j-rock",Group,Shibuya,小林武史（1992年 - 2014年)
2020,ミュージックステーションスーパーライブ,NEWS,,,classical,Group,Tokyo,
2020,ミュージックステーションスーパーライブ,NiziU,,,"j-pop, k-pop",Group,Seoul,ソニー・ミュージックエンタテインメントJ.Y. Park
2020,ミュージックステーションスーパーライブ,Perfume,,,"j-pop, shibuya-kei",Group,Minami-ku,中田ヤスタカMIKIKO
2020,ミュージックステーションスーパーライブ,SEKAI NO OWARI,,,"j-pop, anime",Group,Tokyo,CHRYSANTHEMUM BRIDGE小林武史
2020,ミュージックステーションスーパーライブ,Sexy Zone,,,,maleソロ,Kōchi,
2020,ミュージックステーションスーパーライブ,SixTONES,,,j-pop,Group,Japan,
2020,ミュージックステーションスーパーライブ,Superfly,,,j-pop,Group,,蔦谷好位置多保孝一松岡モトキ
2020,ミュージックステーションスーパーライブ,THE RAMPAGE,,,j-pop,Group,Liverpool,
2020,ミュージックステーションスーパーライブ,Toshl,,,"kayokyoku, j-pop",maleソロ,Kōchi,X JAPAN
2020,ミュージックステーションスーパーライブ,Uru,,,,femaleソロ,,
2020,ミュージックステーションスーパーライブ,V6,,,pop punk,Group,,
2020,ミュージックステーションスーパーライブ,aiko,,,,femaleソロ,Suita,島田昌典OSTER projectトオミヨウ
2020,ミュージックステーションスーパーライブ,milet,,,"j-pop, anime, j-rock",femaleソロ,,
2020,ミュージックステーションスーパーライブ,あいみょん,,,,femaleソロ,Nishinomiya,
2020,ミュージックステーションスーパーライブ,いきものがかり,,,,Group,Kanagawa,本間昭光亀田誠治島田昌典江口亮
2020,ミュージックステーションスーパーライブ,コブクロ,,,,Group,,
2020,ミュージックステーションスーパーライブ,ゴールデンボンバー,,,visual kei,Group,,tatsuo（everset）
2020,ミュージックステーションスーパーライブ,ジャニーズWEST,,,,maleソロ,Kōchi,
2020,ミュージックステーションスーパーライブ,ビリー・アイリッシュ,,,,Group,,フィニアス・オコネル[5]デンゼル・カリー
2020,ミュージックステーションスーパーライブ,マカロニえんぴつ,,,,Group,Kanagawa,
2020,ミュージックステーションスーパーライブ,三代目 J SOUL BROTHERS,,,,Group,Japan,HIRO
2020,ミュージックステーションスーパーライブ,三浦大知,,,,maleソロ,Okinawa,KREVAFolder
2020,ミュージックステーションスーパーライブ,乃木坂46,,,kayokyoku,Group,Minato,Sony Music Entertainment秋元康
2020,ミュージックステーションスーパーライブ,久保田利伸,,,"j-r&b, kayokyoku, j-pop, city pop",maleソロ,Shimizu-ku,
2020,ミュージックステーションスーパーライブ,宮本浩次,,,kayokyoku,maleソロ,Kita,
2020,ミュージックステーションスーパーライブ,小沢健二,,,"shibuya-kei, j-pop, kayokyoku, city pop",maleソロ,Sagamihara,
2020,ミュージックステーションスーパーライブ,嵐,,,,Group,Honolulu,
2020,ミュージックステーションスーパーライブ,広瀬香美,,,city pop,femaleソロ,Wakayama,田村充義
2020,ミュージックステーションスーパーライブ,日向坂46,,,,Group,Japan,Sony Music Entertainment秋元康
2020,ミュージックステーションスーパーライブ,星野源,,,,maleソロ,Saitama,"SAKEROCK（2000年 - 2015年）河村""カースケ""智康ハマ・オカモト長岡亮介ほか"
2020,ミュージックステーションスーパーライブ,東京事変,,,,Group,Japan,井上雨迩
2020,ミュージックステーションスーパーライブ,森七菜,,,j-pop,femaleソロ,Ōta,
2020,ミュージックステーションスーパーライブ,櫻坂46,,,j-pop,Group,,Sony Music Entertainment秋元康（プロデューサー）
2020,ミュージックステーションスーパーライブ,瑛人,,,vocaloid,maleソロ,Yokohama,小野寺淳之介（ギター）ルンヒャン（シンガーソングライター）
2020,ミュージックステーションスーパーライブ,石丸幹二,,,,maleソロ,Niihama,
2020,ミュージックステーションスーパーライブ,福山雅治,,,"j-pop, kayokyoku",maleソロ,Nagasaki,井上鑑KOH+
2020,ミュージックステーションスーパーライブ,関ジャニ∞,,,,maleソロ,Kōchi,
2020,ミュージックステーションスーパーライブ,高嶋ちさ子,,,,femaleソロ,Tokyo,
2020,ミュージックステーションスーパーライブ,［Alexandros］,,,"j-rock, j-pop, anime",Group,Kanagawa,
2021,NHK紅白歌合戦,AI,4.0,アルデバラン,cumbia,femaleソロ,Los Angeles,
2021,NHK紅白歌合戦,Awesome City Club [• 1],1.0,勿忘,"j-pop, japanese indie, city pop",Group,,mabanua高橋久美子[4]いしわたり淳治久保田真悟（Jazzin' park）ESME MORIトオミヨウ永野亮（APOGEE）永井聖一Curly GiraffeTOSHIKI HAYASHI（%C）
2021,NHK紅白歌合戦,BUMP OF CHICKEN [• 20],2.0,なないろ[• 21],"j-pop, j-rock, anime",Group,,MOR （音楽プロデューサー）
2021,NHK紅白歌合戦,BiSH,1.0,プロミスザスター,"midwest emo, math rock",Group,Japan,渡辺淳之介松隈ケンタ（SCRAMBLES）
2021,NHK紅白歌合戦,DISH//,1.0,猫,"midwest emo, math rock",Group,,
2021,NHK紅白歌合戦,GENERATIONS,3.0,Make Me Better,"j-pop, anime",maleソロ,Kōchi,
2021,NHK紅白歌合戦,KAT-TUN,1.0,Real Face #2,j-pop,Group,,
2021,NHK紅白歌合戦,LiSA,3.0,明け星,"anime, j-pop, j-rock",femaleソロ,Seki,
2021,NHK紅白歌合戦,LiSA,3.0,炎,"anime, j-pop, j-rock",femaleソロ,Seki,
2021,NHK紅白歌合戦,MISIA,6.0,明日へ 2021 [• 27],,femaleソロ,Tsushima,鷺巣詩郎黒田卓也エリカ・バドゥマーカス・ミラーなど
2021,NHK紅白歌合戦,NiziU [• 1],2.0,Take a picture,"j-pop, k-pop",Group,Seoul,ソニー・ミュージックエンタテインメントJ.Y. Park
2021,NHK紅白歌合戦,Perfume [• 1],14.0,ポリゴンウェイヴ,"j-pop, shibuya-kei",Group,Minami-ku,中田ヤスタカMIKIKO
2021,NHK紅白歌合戦,SixTONES [• 1],2.0,マスカラ,j-pop,Group,Japan,
2021,NHK紅白歌合戦,Snow Man,1.0,D.D.,j-pop,Group,Japan,
2021,NHK紅白歌合戦,YOASOBI [• 2],2.0,群青,"j-pop, anime",Group,,
2021,NHK紅白歌合戦,milet,2.0,Fly High,"j-pop, anime, j-rock",femaleソロ,,
2021,NHK紅白歌合戦,あいみょん,3.0,愛を知るまでは,,femaleソロ,Nishinomiya,
2021,NHK紅白歌合戦,さだまさし,21.0,道化師のソネット[• 23],"kayokyoku, enka, j-pop, folk",maleソロ,Nagasaki,グレープ渡辺俊幸
2021,NHK紅白歌合戦,まふまふ[• 1],1.0,命に嫌われている。,,maleソロ,Hokkaido,After the Rain
2021,NHK紅白歌合戦,ゆず,12.0,虹,"j-pop, anime",Group,Yokohama,
2021,NHK紅白歌合戦,ケツメイシ,1.0,ライフイズビューティフル,"j-pop, j-rap",Group,,
2021,NHK紅白歌合戦,三山ひろし [• 2],7.0,浮世傘 〜第5回けん玉世界記録への道〜,"enka, kayokyoku",maleソロ,Nankoku,
2021,NHK紅白歌合戦,上白石萌音 [• 1],1.0,夜明けをくちずさめたら,,femaleソロ,Kagoshima,
2021,NHK紅白歌合戦,乃木坂46,7.0,きっかけ,kayokyoku,Group,Minato,Sony Music Entertainment秋元康
2021,NHK紅白歌合戦,坂本冬美 [• 1],33.0,夜桜お七,"enka, kayokyoku",femaleソロ,Kamitonda,
2021,NHK紅白歌合戦,天童よしみ,26.0,あんたの花道〜ブラバンSP〜,"enka, kayokyoku, japanese classical",femaleソロ,Tanabe,
2021,NHK紅白歌合戦,宮本浩次 [• 12],2.0,夜明けのうた,kayokyoku,maleソロ,Kita,
2021,NHK紅白歌合戦,山内惠介 [• 2],7.0,有楽町で逢いましょう,,maleソロ,Itoshima,
2021,NHK紅白歌合戦,布袋寅泰 [• 1],1.0,さらば青春の光 ＜紅白SP＞[• 26],,maleソロ,Takasaki,
2021,NHK紅白歌合戦,平井大,1.0,"Stand by me, Stand by you.",,maleソロ,Tokyo,EIGO西陽仁nabeLTD
2021,NHK紅白歌合戦,日向坂46,3.0,君しか勝たん,,Group,Japan,Sony Music Entertainment秋元康
2021,NHK紅白歌合戦,星野源 [• 19],7.0,不思議,,maleソロ,Saitama,"SAKEROCK（2000年 - 2015年）河村""カースケ""智康ハマ・オカモト長岡亮介ほか"
2021,NHK紅白歌合戦,東京事変,2.0,緑酒,,Group,Japan,井上雨迩
2021,NHK紅白歌合戦,東京都交響楽団,1.0,序曲,orchestra,Orchestra,Tokyo,
2021,NHK紅白歌合戦,東京都交響楽団,1.0,そして伝説へ…[• 1],orchestra,Orchestra,Tokyo,
2021,NHK紅白歌合戦,松平健,2.0,マツケンサンバII,"enka, kayokyoku",maleソロ,Kōchi,
2021,NHK紅白歌合戦,櫻坂46[• 2],2.0,流れ弾,j-pop,Group,,Sony Music Entertainment秋元康（プロデューサー）
2021,NHK紅白歌合戦,水森かおり [• 7],19.0,いい日旅立ち,"enka, kayokyoku",femaleソロ,Kita,
2021,NHK紅白歌合戦,氷川きよし,22.0,歌は我が命,"enka, anime, kayokyoku",maleソロ,Minami-ku,
2021,NHK紅白歌合戦,石川さゆり,44.0,"火事と喧嘩は江戸の華（feat. KREVA, MIYAVI）","enka, kayokyoku",femaleソロ,Kumamoto,
2021,NHK紅白歌合戦,石川さゆり,44.0,津軽海峡・冬景色,"enka, kayokyoku",femaleソロ,Kumamoto,
2021,NHK紅白歌合戦,福山雅治,14.0,道標 〜紅白2021ver.〜,"j-pop, kayokyoku",maleソロ,Nagasaki,井上鑑KOH+
2021,NHK紅白歌合戦,純烈,4.0,君がそばにいるから,"enka, kayokyoku",Group,Japan,
2021,NHK紅白歌合戦,細川たかし,40.0,望郷じょんから,"enka, kayokyoku",maleソロ,Makkari,三橋美智也
2021,NHK紅白歌合戦,細川たかし,40.0,北酒場,"enka, kayokyoku",maleソロ,Makkari,三橋美智也
2021,NHK紅白歌合戦,薬師丸ひろ子 [• 25],2.0,"Woman ""Wの悲劇""より","kayokyoku, enka, city pop, j-pop",femaleソロ,Shibuya,
2021,NHK紅白歌合戦,藤井風 [• 15],1.0,きらり[• 16],,maleソロ,Satoshō,Yaffle
2021,NHK紅白歌合戦,郷ひろみ,34.0,2億4千万の瞳-エキゾチック・ジャパン-,"kayokyoku, enka, j-pop, city pop",maleソロ,Sue,酒井政利筒美京平萩田光雄井上鑑坂本龍一大村雅朗唐木裕史
2021,NHK紅白歌合戦,鈴木雅之,4.0,め組のひと 2021紅白ver. [• 18],"anime, j-pop, kayokyoku, city pop",maleソロ,Ōta,ラッツ&スター
2021,NHK紅白歌合戦,関ジャニ∞,10.0,Re:LIVE,,maleソロ,Kōchi,
2021,NHK紅白歌合戦,高橋洋子,1.0,残酷な天使のテーゼ,"anime, j-pop",femaleソロ,Tokyo,大森俊之
2021,ベストアーティスト,AKB48,,,"j-pop, c-pop",Group,Akihabara,秋元康（総合プロデューサー）AKB48グループ
2021,ベストアーティスト,BE:FIRST,,,j-pop,Group,Lincoln,
2021,ベストアーティスト,BiSH,,,"midwest emo, math rock",Group,Japan,渡辺淳之介松隈ケンタ（SCRAMBLES）
2021,ベストアーティスト,Creepy Nuts,,,"anime, j-pop, j-rap",Group,,
2021,ベストアーティスト,DA PUMP,,,"j-pop, j-r&b, kayokyoku, anime",Group,Okinawa,m.c.A・T今井大介SASAShungo.
2021,ベストアーティスト,DISH//,,,"midwest emo, math rock",Group,,
2021,ベストアーティスト,EXILE,,,"j-pop, j-r&b",Group,,
2021,ベストアーティスト,EXIT,,,,maleソロ,Kōchi,
2021,ベストアーティスト,GENERATIONS from EXILE TRIBE,,,"j-pop, anime",Group,Japan,
2021,ベストアーティスト,Hey! Say! JUMP,,,j-pop,Group,,
2021,ベストアーティスト,J-FRIENDS,,,children's music,femaleソロ,Yate,
2021,ベストアーティスト,JUJU,,,"j-pop, kayokyoku, j-r&b",femaleソロ,Shōbara,
2021,ベストアーティスト,KAT-TUN,,,j-pop,Group,,
2021,ベストアーティスト,KinKi Kids,,,j-pop,Group,,プロデューサー山下達郎吉田拓郎藤島ジュリー景子堂島孝平コンサートマスター吉田建
2021,ベストアーティスト,L'Arc〜en〜Ciel,,,,Group,Osaka,"岡野ハジメ（共同プロデューサー, 1996年 - ）"
2021,ベストアーティスト,LiSA,,,"anime, j-pop, j-rock",femaleソロ,Seki,
2021,ベストアーティスト,MISIA,,,,femaleソロ,Tsushima,鷺巣詩郎黒田卓也エリカ・バドゥマーカス・ミラーなど
2021,ベストアーティスト,Mr.Children,,,"j-pop, kayokyoku, j-rock",Group,Shibuya,小林武史（1992年 - 2014年)
2021,ベストアーティスト,NEWS,,,classical,Group,Tokyo,
2021,ベストアーティスト,NiziU,,,"j-pop, k-pop",Group,Seoul,ソニー・ミュージックエンタテインメントJ.Y. Park
2021,ベストアーティスト,Perfume,,,"j-pop, shibuya-kei",Group,Minami-ku,中田ヤスタカMIKIKO
2021,ベストアーティスト,SMAP,,,traditional music,Group,,
2021,ベストアーティスト,Sexy Zone,,,,maleソロ,Kōchi,
2021,ベストアーティスト,SixTONES,,,j-pop,Group,Japan,
2021,ベストアーティスト,Snow Man,,,j-pop,Group,Japan,
2021,ベストアーティスト,TOKIO,,,,Group,,
2021,ベストアーティスト,TOMORROW X TOGETHER,,,k-pop,Group,Seoul,HYBE
2021,ベストアーティスト,V6,,,pop punk,Group,,
2021,ベストアーティスト,YOASOBI,,,"j-pop, anime",Group,,
2021,ベストアーティスト,aiko,,,,femaleソロ,Suita,島田昌典OSTER projectトオミヨウ
2021,ベストアーティスト,いきものがかり,,,,Group,Kanagawa,本間昭光亀田誠治島田昌典江口亮
2021,ベストアーティスト,なにわ男子,,,j-pop,Group,,大倉忠義[2]
2021,ベストアーティスト,ジャニーズWEST,,,,maleソロ,Kōchi,
2021,ベストアーティスト,ポルノグラフィティ,,,,Group,,田村充義
2021,ベストアーティスト,三代目 J SOUL BROTHERS from EXILE TRIBE,,,,Group,Japan,HIRO
2021,ベストアーティスト,中丸雄一,,,,femaleソロ,Ōta,
2021,ベストアーティスト,中島美嘉,,,,femaleソロ,Hioki,玉井健二(agehasprings)飛内将大百田留衣COLDFEETMICA 3 CHU加藤ミリヤ童子-TDAISHI DANCE土屋公平玉置浩二
2021,ベストアーティスト,乃木坂46,,,kayokyoku,Group,Minato,Sony Music Entertainment秋元康
2021,ベストアーティスト,嵐,,,,Group,Honolulu,
2021,ベストアーティスト,日向坂46,,,,Group,Japan,Sony Music Entertainment秋元康
2021,ベストアーティスト,星野源,,,,maleソロ,Saitama,"SAKEROCK（2000年 - 2015年）河村""カースケ""智康ハマ・オカモト長岡亮介ほか"
2021,ベストアーティスト,村方乃々佳,,,,femaleソロ,Hiratsuka,
2021,ベストアーティスト,桑田佳祐,,,"j-pop, kayokyoku",maleソロ,Chigasaki,サザンオールスターズKUWATA BANDSUPER CHIMPANZEE藤井丈司小林武史島健斎藤誠片山敦夫山本拓夫佐橋佳幸曽我淳一角谷仁宣小倉博和[7]
2021,ベストアーティスト,櫻井翔,,,,maleソロ,Shinagawa,
2021,ベストアーティスト,櫻坂46,,,j-pop,Group,,Sony Music Entertainment秋元康（プロデューサー）
2021,ベストアーティスト,浜崎あゆみ,,,,femaleソロ,Fukuoka,松浦勝人（音楽プロデューサー）
2021,ベストアーティスト,福山雅治,,,"j-pop, kayokyoku",maleソロ,Nagasaki,井上鑑KOH+
2021,ベストアーティスト,西野カナ,,,j-pop,femaleソロ,Matsusaka,GIORGIO 13 CANCEMIDJ Mass MAD Izm*山口隆志
2021,ベストアーティスト,郷ひろみ,,,"kayokyoku, enka, j-pop, city pop",maleソロ,Sue,酒井政利筒美京平萩田光雄井上鑑坂本龍一大村雅朗唐木裕史
2021,ベストアーティスト,関ジャニ∞,,,,maleソロ,Kōchi,
2021,ミュージックステーションスーパーライブ,A.B.C-Z,,,,Group,,
2021,ミュージックステーションスーパーライブ,AI,,,cumbia,femaleソロ,Los Angeles,
2021,ミュージックステーションスーパーライブ,AKB48,,,"j-pop, c-pop",Group,Akihabara,秋元康（総合プロデューサー）AKB48グループ
2021,ミュージックステーションスーパーライブ,Awesome City Club,,,"j-pop, japanese indie, city pop",Group,,mabanua高橋久美子[4]いしわたり淳治久保田真悟（Jazzin' park）ESME MORIトオミヨウ永野亮（APOGEE）永井聖一Curly GiraffeTOSHIKI HAYASHI（%C）
2021,ミュージックステーションスーパーライブ,BLOOM VASE,,,"j-rap, j-pop",Group,Shiga,
2021,ミュージックステーションスーパーライブ,BiSH,,,"midwest emo, math rock",Group,Japan,渡辺淳之介松隈ケンタ（SCRAMBLES）
2021,ミュージックステーションスーパーライブ,Creepy Nuts,,,"anime, j-pop, j-rap",Group,,
2021,ミュージックステーションスーパーライブ,DA PUMP,,,"j-pop, j-r&b, kayokyoku, anime",Group,Okinawa,m.c.A・T今井大介SASAShungo.
2021,ミュージックステーションスーパーライブ,DISH//,,,"midwest emo, math rock",Group,,
2021,ミュージックステーションスーパーライブ,Def Tech,,,j-pop,Group,,
2021,ミュージックステーションスーパーライブ,EXILE,,,"j-pop, j-r&b",Group,,
2021,ミュージックステーションスーパーライブ,GENERATIONS,,,"j-pop, anime",maleソロ,Kōchi,
2021,ミュージックステーションスーパーライブ,Hey! Say! JUMP,,,j-pop,Group,,
2021,ミュージックステーションスーパーライブ,Jr.EXILE（GENERATIONS、THE RAMPAGE、FANTASTICS、BALLISTIK BOYZ）,,,,Group,Liverpool,
2021,ミュージックステーションスーパーライブ,KAT-TUN,,,j-pop,Group,,
2021,ミュージックステーションスーパーライブ,KinKi Kids,,,j-pop,Group,,プロデューサー山下達郎吉田拓郎藤島ジュリー景子堂島孝平コンサートマスター吉田建
2021,ミュージックステーションスーパーライブ,King Gnu,,,"j-pop, anime, j-rock",maleソロ,Portland,
2021,ミュージックステーションスーパーライブ,Kis-My-Ft2,,,j-pop,Group,Tokyo,
2021,ミュージックステーションスーパーライブ,L'Arc〜en〜Ciel,,,,Group,Osaka,"岡野ハジメ（共同プロデューサー, 1996年 - ）"
2021,ミュージックステーションスーパーライブ,LiSA,,,"anime, j-pop, j-rock",femaleソロ,Seki,
2021,ミュージックステーションスーパーライブ,Little Glee Monster,,,"j-pop, anime",Group,,
2021,ミュージックステーションスーパーライブ,NEWS,,,classical,Group,Tokyo,
2021,ミュージックステーションスーパーライブ,NiziU,,,"j-pop, k-pop",Group,Seoul,ソニー・ミュージックエンタテインメントJ.Y. Park
2021,ミュージックステーションスーパーライブ,ORANGE RANGE,,,"j-pop, anime, j-rock",Group,Okinawa,シライシ紗トリ（2003年 - 2010年）
2021,ミュージックステーションスーパーライブ,Perfume,,,"j-pop, shibuya-kei",Group,Minami-ku,中田ヤスタカMIKIKO
2021,ミュージックステーションスーパーライブ,SEKAI NO OWARI,,,"j-pop, anime",Group,Tokyo,CHRYSANTHEMUM BRIDGE小林武史
2021,ミュージックステーションスーパーライブ,Sexy Zone,,,,maleソロ,Kōchi,
2021,ミュージックステーションスーパーライブ,SixTONES,,,j-pop,Group,Japan,
2021,ミュージックステーションスーパーライブ,Snow Man,,,j-pop,Group,Japan,
2021,ミュージックステーションスーパーライブ,THE RAMPAGE,,,j-pop,Group,Liverpool,
2021,ミュージックステーションスーパーライブ,TWICE,,,k-pop,Group,Seoul,
2021,ミュージックステーションスーパーライブ,Toshl,,,"kayokyoku, j-pop",maleソロ,Kōchi,X JAPAN
2021,ミュージックステーションスーパーライブ,UVERworld,,,"anime, j-rock, j-pop",Group,Kusatsu,平出悟
2021,ミュージックステーションスーパーライブ,YOASOBI,,,"j-pop, anime",Group,,
2021,ミュージックステーションスーパーライブ,aiko,,,,femaleソロ,Suita,島田昌典OSTER projectトオミヨウ
2021,ミュージックステーションスーパーライブ,milet,,,"j-pop, anime, j-rock",femaleソロ,,
2021,ミュージックステーションスーパーライブ,あいみょん,,,,femaleソロ,Nishinomiya,
2021,ミュージックステーションスーパーライブ,なにわ男子,,,j-pop,Group,,大倉忠義[2]
2021,ミュージックステーションスーパーライブ,ひらめ,,,jam band,maleソロ,Kōchi,
2021,ミュージックステーションスーパーライブ,ゴスペラーズ,,,,Group,,
2021,ミュージックステーションスーパーライブ,ジェジュン,,,,maleソロ,Kōchi,JYJ東方神起
2021,ミュージックステーションスーパーライブ,ジャニーズWEST,,,,maleソロ,Kōchi,
2021,ミュージックステーションスーパーライブ,スガシカオ,,,,maleソロ,Tokyo,kōkua
2021,ミュージックステーションスーパーライブ,マカロニえんぴつ,,,,Group,Kanagawa,
2021,ミュージックステーションスーパーライブ,三代目 J SOUL BROTHERS,,,,Group,Japan,HIRO
2021,ミュージックステーションスーパーライブ,三浦大知,,,,maleソロ,Okinawa,KREVAFolder
2021,ミュージックステーションスーパーライブ,乃木坂46,,,kayokyoku,Group,Minato,Sony Music Entertainment秋元康
2021,ミュージックステーションスーパーライブ,優里,,,latin pop,maleソロ,Chiba,CHIMERAZ（編曲・音楽プロデュース）弱虫男爵
2021,ミュージックステーションスーパーライブ,大塚愛,,,,femaleソロ,Suminoe-ku,Ikoman山口寛雄阿部登（Studio Apartment）Rabbit松浦勝人
2021,ミュージックステーションスーパーライブ,小沢健二,,,"shibuya-kei, j-pop, kayokyoku, city pop",maleソロ,Sagamihara,
2021,ミュージックステーションスーパーライブ,川崎鷹也,,,j-pop,maleソロ,Nasushiobara,
2021,ミュージックステーションスーパーライブ,平井大,,,,maleソロ,Tokyo,EIGO西陽仁nabeLTD
2021,ミュージックステーションスーパーライブ,日向坂46,,,,Group,Japan,Sony Music Entertainment秋元康
2021,ミュージックステーションスーパーライブ,星野源,,,,maleソロ,Saitama,"SAKEROCK（2000年 - 2015年）河村""カースケ""智康ハマ・オカモト長岡亮介ほか"
2021,ミュージックステーションスーパーライブ,東京事変,,,,Group,Japan,井上雨迩
2021,ミュージックステーションスーパーライブ,松平健,,,"enka, kayokyoku",maleソロ,Kōchi,
2021,ミュージックステーションスーパーライブ,桑田佳祐,,,"j-pop, kayokyoku",maleソロ,Chigasaki,サザンオールスターズKUWATA BANDSUPER CHIMPANZEE藤井丈司小林武史島健斎藤誠片山敦夫山本拓夫佐橋佳幸曽我淳一角谷仁宣小倉博和[7]
2021,ミュージックステーションスーパーライブ,森高千里,,,,femaleソロ,Ibaraki,斉藤英夫高橋諭一伊秩弘将
2021,ミュージックステーションスーパーライブ,櫻坂46,,,j-pop,Group,,Sony Music Entertainment秋元康（プロデューサー）
2021,ミュージックステーションスーパーライブ,清水美依紗,,,,femaleソロ,Suzuka,
2021,ミュージックステーションスーパーライブ,緑黄色社会,,,,Group,,比田井修（ドラムス）
2021,ミュージックステーションスーパーライブ,関ジャニ∞,,,,maleソロ,Kōchi,
2022,NHK紅白歌合戦,Aimer[• 11],1.0,残響散歌,"anime, j-pop, j-rock",femaleソロ,,玉井健二飛内将大百田留衣釣俊輔野間康介澤野弘之（2013年 - ）Taka（2015年 - 2016年）梶浦由記（2017年 - ）
2022,NHK紅白歌合戦,BE:FIRST,1.0,Shining One,j-pop,Group,Lincoln,
2022,NHK紅白歌合戦,IVE,1.0,ELEVEN -Japanese ver.-,pop punk,maleソロ,Kōchi,
2022,NHK紅白歌合戦,JO1,1.0,無限大,,Group,Tokyo,吉本興業CJ ENM
2022,NHK紅白歌合戦,KinKi Kids,2.0,25th Anniversary Medley [• 27],j-pop,Group,,プロデューサー山下達郎吉田拓郎藤島ジュリー景子堂島孝平コンサートマスター吉田建
2022,NHK紅白歌合戦,King Gnu[• 14],2.0,Stardom,"j-pop, anime, j-rock",maleソロ,Portland,
2022,NHK紅白歌合戦,LE SSERAFIM[• 4],1.0,FEARLESS -Japanese ver.-,k-pop,Group,Seoul,HYBE
2022,NHK紅白歌合戦,MISIA,7.0,希望のうた,,femaleソロ,Tsushima,鷺巣詩郎黒田卓也エリカ・バドゥマーカス・ミラーなど
2022,NHK紅白歌合戦,NiziU,3.0,CLAP CLAP,"j-pop, k-pop",Group,Seoul,ソニー・ミュージックエンタテインメントJ.Y. Park
2022,NHK紅白歌合戦,Official髭男dism[• 21],3.0,Subtitle,,Group,Shimane,
2022,NHK紅白歌合戦,Perfume,15.0,紅白 Medley 2022[• 9],"j-pop, shibuya-kei",Group,Minami-ku,中田ヤスタカMIKIKO
2022,NHK紅白歌合戦,SEKAI NO OWARI,6.0,Habit,"j-pop, anime",Group,Tokyo,CHRYSANTHEMUM BRIDGE小林武史
2022,NHK紅白歌合戦,Saucy Dog,1.0,シンデレラボーイ,"j-pop, japanese indie",Group,Japan,
2022,NHK紅白歌合戦,SixTONES,3.0,Good Luck!,j-pop,Group,Japan,
2022,NHK紅白歌合戦,Snow Man,2.0,ブラザービート〜紅白みんなでシェー!SP〜,j-pop,Group,Japan,
2022,NHK紅白歌合戦,Superfly[• 4],6.0,Beautiful,j-pop,Group,,蔦谷好位置多保孝一松岡モトキ
2022,NHK紅白歌合戦,THE LAST ROCKSTARS,1.0,THE LAST ROCKSTARS,"visual kei, j-rock",Group,Japan,
2022,NHK紅白歌合戦,TWICE,4.0,Celebrate,k-pop,Group,Seoul,
2022,NHK紅白歌合戦,Vaundy,1.0,怪獣の花唄,"j-pop, japanese indie, j-rock",maleソロ,Tokyo,
2022,NHK紅白歌合戦,back number,1.0,アイラブユー,"j-pop, j-rock",Group,Gunma,
2022,NHK紅白歌合戦,back number,1.0,高嶺の花子さん,"j-pop, j-rock",Group,Gunma,
2022,NHK紅白歌合戦,milet,3.0,Fly High,"j-pop, anime, j-rock",femaleソロ,,
2022,NHK紅白歌合戦,あいみょん,4.0,ハート〜君はロックを聴かない,,femaleソロ,Nishinomiya,
2022,NHK紅白歌合戦,なにわ男子,1.0,初心LOVE（うぶらぶ）,j-pop,Group,,大倉忠義[2]
2022,NHK紅白歌合戦,ゆず,13.0,夏色,"j-pop, anime",Group,Yokohama,
2022,NHK紅白歌合戦,ウタ[• 12],1.0,新時代,,maleソロ,Kōchi,
2022,NHK紅白歌合戦,三山ひろし,8.0,夢追い人〜第6回けん玉世界記録への道〜,"enka, kayokyoku",maleソロ,Nankoku,
2022,NHK紅白歌合戦,三浦大知,4.0,燦燦,,maleソロ,Okinawa,KREVAFolder
2022,NHK紅白歌合戦,乃木坂46[• 19],8.0,裸足でSummer,kayokyoku,Group,Minato,Sony Music Entertainment秋元康
2022,NHK紅白歌合戦,加山雄三,18.0,海 その愛,"kayokyoku, enka",maleソロ,Yokohama,
2022,NHK紅白歌合戦,坂本冬美,34.0,お祭りマンボ〜スカパラSP〜,"enka, kayokyoku",femaleソロ,Kamitonda,
2022,NHK紅白歌合戦,天童よしみ,27.0,ソーラン祭り節,"enka, kayokyoku, japanese classical",femaleソロ,Tanabe,
2022,NHK紅白歌合戦,安全地帯,2.0,I Love Youからはじめよう[• 14][• 29],"kayokyoku, enka, city pop, j-pop",Group,Asahikawa,
2022,NHK紅白歌合戦,山内惠介,8.0,恋する街角〜きつねダンスRemix〜,,maleソロ,Itoshima,
2022,NHK紅白歌合戦,工藤静香,9.0,35周年SPメドレー[• 20],"city pop, kayokyoku, j-pop, enka",femaleソロ,Hamura,セブンティーンクラブ（1984年 - 1985年）おニャン子クラブ（1986年 - 1987年）うしろ髪ひかれ隊（1987年 - 1988年）
2022,NHK紅白歌合戦,日向坂46,4.0,キツネ,,Group,Japan,Sony Music Entertainment秋元康
2022,NHK紅白歌合戦,星野源[• 21],8.0,喜劇,,maleソロ,Saitama,"SAKEROCK（2000年 - 2015年）河村""カースケ""智康ハマ・オカモト長岡亮介ほか"
2022,NHK紅白歌合戦,水森かおり,20.0,九十九里浜〜謎解き紅白スペシャル〜,"enka, kayokyoku",femaleソロ,Kita,
2022,NHK紅白歌合戦,氷川きよし,23.0,限界突破×サバイバー,"enka, anime, kayokyoku",maleソロ,Minami-ku,
2022,NHK紅白歌合戦,石川さゆり,45.0,天城越え,"enka, kayokyoku",femaleソロ,Kumamoto,
2022,NHK紅白歌合戦,福山雅治,15.0,桜坂,"j-pop, kayokyoku",maleソロ,Nagasaki,井上鑑KOH+
2022,NHK紅白歌合戦,篠原涼子,2.0,恋しさと せつなさと 心強さと 2023,"kayokyoku, j-pop",femaleソロ,Kiryū,
2022,NHK紅白歌合戦,純烈（ダチョウ倶楽部・有吉弘行）,5.0,プロポーズ〜白い雲のように,,Group,,
2022,NHK紅白歌合戦,緑黄色社会,1.0,Mela!,,Group,,比田井修（ドラムス）
2022,NHK紅白歌合戦,藤井風,2.0,死ぬのがいいわ,,maleソロ,Satoshō,Yaffle
2022,NHK紅白歌合戦,郷ひろみ,35.0,GO!GO!50周年!!SPメドレー[• 2],"kayokyoku, enka, j-pop, city pop",maleソロ,Sue,酒井政利筒美京平萩田光雄井上鑑坂本龍一大村雅朗唐木裕史
2022,NHK紅白歌合戦,鈴木雅之,5.0,違う、そうじゃない,"anime, j-pop, kayokyoku, city pop",maleソロ,Ōta,ラッツ&スター
2022,NHK紅白歌合戦,関ジャニ∞,11.0,T.W.L,,maleソロ,Kōchi,
2022,NHK紅白歌合戦,,0.0,ディズニースペシャルメドレー[• 16][• 17],j-pop,maleソロ,Kōchi,
2022,ベストアーティスト,A.B.C-Z,,,,Group,,
2022,ベストアーティスト,AKB48,,,"j-pop, c-pop",Group,Akihabara,秋元康（総合プロデューサー）AKB48グループ
2022,ベストアーティスト,Ado,,,,femaleソロ,Tokyo,
2022,ベストアーティスト,BE:FIRST,,,j-pop,Group,Lincoln,
2022,ベストアーティスト,Da-iCE,,,"j-pop, anime",Group,Japan,
2022,ベストアーティスト,FANTASTICS from EXILE TRIBE,,,j-pop,Group,Japan,
2022,ベストアーティスト,Hey! Say! JUMP,,,j-pop,Group,,
2022,ベストアーティスト,KARA,,,,maleソロ,Kōchi,
2022,ベストアーティスト,KAT-TUN,,,j-pop,Group,,
2022,ベストアーティスト,KinKi Kids,,,j-pop,Group,,プロデューサー山下達郎吉田拓郎藤島ジュリー景子堂島孝平コンサートマスター吉田建
2022,ベストアーティスト,King Gnu,,,"j-pop, anime, j-rock",maleソロ,Portland,
2022,ベストアーティスト,Kis-My-Ft2,,,j-pop,Group,Tokyo,
2022,ベストアーティスト,LE SSERAFIM,,,k-pop,Group,Seoul,HYBE
2022,ベストアーティスト,MISIA,,,,femaleソロ,Tsushima,鷺巣詩郎黒田卓也エリカ・バドゥマーカス・ミラーなど
2022,ベストアーティスト,NiziU,,,"j-pop, k-pop",Group,Seoul,ソニー・ミュージックエンタテインメントJ.Y. Park
2022,ベストアーティスト,O-Zone,,,"europop, eurodance",Group,Chişinău,
2022,ベストアーティスト,Perfume,,,"j-pop, shibuya-kei",Group,Minami-ku,中田ヤスタカMIKIKO
2022,ベストアーティスト,SEKAI NO OWARI,,,"j-pop, anime",Group,Tokyo,CHRYSANTHEMUM BRIDGE小林武史
2022,ベストアーティスト,SEVENTEEN,,,k-pop,Group,Seoul,
2022,ベストアーティスト,STU48,,,"c-pop, j-pop",Group,Setouchi,秋元康AKB48グループ
2022,ベストアーティスト,Sexy Zone,,,,maleソロ,Kōchi,
2022,ベストアーティスト,SixTONES,,,j-pop,Group,Japan,
2022,ベストアーティスト,Stray Kids,,,"k-pop, noise music",Group,Seoul,
2022,ベストアーティスト,THE RAMPAGE from EXILE TRIBE,,,j-pop,Group,Tokyo,
2022,ベストアーティスト,なにわ男子,,,j-pop,Group,,大倉忠義[2]
2022,ベストアーティスト,ゆず,,,"j-pop, anime",Group,Yokohama,
2022,ベストアーティスト,ジェジュン,,,,maleソロ,Kōchi,JYJ東方神起
2022,ベストアーティスト,ブラックビスケッツ,,,,maleソロ,Kōchi,
2022,ベストアーティスト,ポルノグラフィティ,,,,Group,,田村充義
2022,ベストアーティスト,レミオロメン,,,j-pop,Group,Yamanashi,小林武史（共同プロデュース）トーレ・ヨハンソン（共同プロデュース）
2022,ベストアーティスト,中島美嘉,,,,femaleソロ,Hioki,玉井健二(agehasprings)飛内将大百田留衣COLDFEETMICA 3 CHU加藤ミリヤ童子-TDAISHI DANCE土屋公平玉置浩二
2022,ベストアーティスト,乃木坂46,,,kayokyoku,Group,Minato,Sony Music Entertainment秋元康
2022,ベストアーティスト,大塚愛,,,,femaleソロ,Suminoe-ku,Ikoman山口寛雄阿部登（Studio Apartment）Rabbit松浦勝人
2022,ベストアーティスト,宮本浩次,,,kayokyoku,maleソロ,Kita,
2022,ベストアーティスト,日向坂46,,,,Group,Japan,Sony Music Entertainment秋元康
2022,ベストアーティスト,櫻坂46,,,j-pop,Group,,Sony Music Entertainment秋元康（プロデューサー）
2022,ベストアーティスト,福山雅治,,,"j-pop, kayokyoku",maleソロ,Nagasaki,井上鑑KOH+
2022,ベストアーティスト,緑黄色社会,,,,Group,,比田井修（ドラムス）
2022,ベストアーティスト,美炎-BIEN-,,,"visual kei, comedy",femaleソロ,Koto,
2022,ベストアーティスト,西野カナ,,,j-pop,femaleソロ,Matsusaka,GIORGIO 13 CANCEMIDJ Mass MAD Izm*山口隆志
2022,ベストアーティスト,関ジャニ∞,,,,maleソロ,Kōchi,
2022,ミュージックステーションスーパーライブ,10-FEET,,,"melodic hardcore, j-rock, j-pop",Group,,
2022,ミュージックステーションスーパーライブ,A.B.C-Z,,,,Group,,
2022,ミュージックステーションスーパーライブ,AKB48,,,"j-pop, c-pop",Group,Akihabara,秋元康（総合プロデューサー）AKB48グループ
2022,ミュージックステーションスーパーライブ,Aimer,,,"anime, j-pop, j-rock",femaleソロ,,玉井健二飛内将大百田留衣釣俊輔野間康介澤野弘之（2013年 - ）Taka（2015年 - 2016年）梶浦由記（2017年 - ）
2022,ミュージックステーションスーパーライブ,BiSH,,,"midwest emo, math rock",Group,Japan,渡辺淳之介松隈ケンタ（SCRAMBLES）
2022,ミュージックステーションスーパーライブ,DA PUMP,,,"j-pop, j-r&b, kayokyoku, anime",Group,Okinawa,m.c.A・T今井大介SASAShungo.
2022,ミュージックステーションスーパーライブ,DISH//,,,"midwest emo, math rock",Group,,
2022,ミュージックステーションスーパーライブ,ELEVENPLAY,,,,maleソロ,Kōchi,MIKIKO
2022,ミュージックステーションスーパーライブ,FANTASTICS,,,j-pop,maleソロ,Kōchi,
2022,ミュージックステーションスーパーライブ,GENERATIONS,,,"j-pop, anime",maleソロ,Kōchi,
2022,ミュージックステーションスーパーライブ,Hey! Say! JUMP,,,j-pop,Group,,
2022,ミュージックステーションスーパーライブ,Hoodie fam,,,,maleソロ,Kōchi,
2022,ミュージックステーションスーパーライブ,KARA,,,,maleソロ,Kōchi,
2022,ミュージックステーションスーパーライブ,KAT-TUN,,,j-pop,Group,,
2022,ミュージックステーションスーパーライブ,KinKi Kids,,,j-pop,Group,,プロデューサー山下達郎吉田拓郎藤島ジュリー景子堂島孝平コンサートマスター吉田建
2022,ミュージックステーションスーパーライブ,King Gnu,,,"j-pop, anime, j-rock",maleソロ,Portland,
2022,ミュージックステーションスーパーライブ,Kis-My-Ft2,,,j-pop,Group,Tokyo,
2022,ミュージックステーションスーパーライブ,Little Glee Monster,,,"j-pop, anime",Group,,
2022,ミュージックステーションスーパーライブ,MIYAVI,,,"j-rock, visual kei",maleソロ,Konohana-ku,Dué le quartzKAVKI BOIZS.K.I.N.THE LAST ROCKSTARS亀田誠治（2012年- ）
2022,ミュージックステーションスーパーライブ,Mirage Collective,,,j-r&b,maleソロ,Kōchi,
2022,ミュージックステーションスーパーライブ,Mrs. GREEN APPLE,,,"j-pop, anime, j-rock",Group,,中西亮輔伊藤賢高橋諒山下洋介
2022,ミュージックステーションスーパーライブ,NEWS,,,classical,Group,Tokyo,
2022,ミュージックステーションスーパーライブ,NiziU,,,"j-pop, k-pop",Group,Seoul,ソニー・ミュージックエンタテインメントJ.Y. Park
2022,ミュージックステーションスーパーライブ,PUFFY,,,"kayokyoku, j-pop, shibuya-kei",Group,Tokyo,奥田民生アンディ・スターマー
2022,ミュージックステーションスーパーライブ,Perfume,,,"j-pop, shibuya-kei",Group,Minami-ku,中田ヤスタカMIKIKO
2022,ミュージックステーションスーパーライブ,SEKAI NO OWARI,,,"j-pop, anime",Group,Tokyo,CHRYSANTHEMUM BRIDGE小林武史
2022,ミュージックステーションスーパーライブ,Saucy Dog,,,"j-pop, japanese indie",Group,Japan,
2022,ミュージックステーションスーパーライブ,Sexy Zone,,,,maleソロ,Kōchi,
2022,ミュージックステーションスーパーライブ,SixTONES,,,j-pop,Group,Japan,
2022,ミュージックステーションスーパーライブ,Snow Man,,,j-pop,Group,Japan,
2022,ミュージックステーションスーパーライブ,Stray Kids,,,"k-pop, noise music",Group,Seoul,
2022,ミュージックステーションスーパーライブ,Superfly,,,j-pop,Group,,蔦谷好位置多保孝一松岡モトキ
2022,ミュージックステーションスーパーライブ,THE RAMPAGE,,,j-pop,Group,Liverpool,
2022,ミュージックステーションスーパーライブ,Tani Yuuki,,,j-pop,maleソロ,Chigasaki,
2022,ミュージックステーションスーパーライブ,Travis Japan,,,j-pop,Group,,Travis Payne
2022,ミュージックステーションスーパーライブ,YUKI,,,,femaleソロ,Hakodate,agehasprings玉井健二蔦谷好位置JUDY AND MARY前田佑
2022,ミュージックステーションスーパーライブ,aiko,,,,femaleソロ,Suita,島田昌典OSTER projectトオミヨウ
2022,ミュージックステーションスーパーライブ,back number,,,"j-pop, j-rock",Group,Gunma,
2022,ミュージックステーションスーパーライブ,milet,,,"j-pop, anime, j-rock",femaleソロ,,
2022,ミュージックステーションスーパーライブ,yama,,,,ソロ,,くじらTOOBOEBIN
2022,ミュージックステーションスーパーライブ,なにわ男子,,,j-pop,Group,,大倉忠義[2]
2022,ミュージックステーションスーパーライブ,ゆず,,,"j-pop, anime",Group,Yokohama,
2022,ミュージックステーションスーパーライブ,ウタ,,,,maleソロ,Kōchi,
2022,ミュージックステーションスーパーライブ,ゴールデンボンバー,,,visual kei,Group,,tatsuo（everset）
2022,ミュージックステーションスーパーライブ,ジェジュン,,,,maleソロ,Kōchi,JYJ東方神起
2022,ミュージックステーションスーパーライブ,ジャニーズWEST,,,,maleソロ,Kōchi,
2022,ミュージックステーションスーパーライブ,マカロニえんぴつ,,,,Group,Kanagawa,
2022,ミュージックステーションスーパーライブ,三浦大知,,,,maleソロ,Okinawa,KREVAFolder
2022,ミュージックステーションスーパーライブ,中島美嘉,,,,femaleソロ,Hioki,玉井健二(agehasprings)飛内将大百田留衣COLDFEETMICA 3 CHU加藤ミリヤ童子-TDAISHI DANCE土屋公平玉置浩二
2022,ミュージックステーションスーパーライブ,乃木坂46,,,kayokyoku,Group,Minato,Sony Music Entertainment秋元康
2022,ミュージックステーションスーパーライブ,優里,,,latin pop,maleソロ,Chiba,CHIMERAZ（編曲・音楽プロデュース）弱虫男爵
2022,ミュージックステーションスーパーライブ,宮本浩次,,,kayokyoku,maleソロ,Kita,
2022,ミュージックステーションスーパーライブ,小沢健二,,,"shibuya-kei, j-pop, kayokyoku, city pop",maleソロ,Sagamihara,
2022,ミュージックステーションスーパーライブ,工藤静香,,,"city pop, kayokyoku, j-pop, enka",femaleソロ,Hamura,セブンティーンクラブ（1984年 - 1985年）おニャン子クラブ（1986年 - 1987年）うしろ髪ひかれ隊（1987年 - 1988年）
2022,ミュージックステーションスーパーライブ,広瀬香美,,,city pop,femaleソロ,Wakayama,田村充義
2022,ミュージックステーションスーパーライブ,後藤真希,,,"kayokyoku, j-pop",femaleソロ,Edogawa,→詳細は「§ 所属ユニット」を参照
2022,ミュージックステーションスーパーライブ,日向坂46,,,,Group,Japan,Sony Music Entertainment秋元康
2022,ミュージックステーションスーパーライブ,櫻坂46,,,j-pop,Group,,Sony Music Entertainment秋元康（プロデューサー）
2022,ミュージックステーションスーパーライブ,清塚信也,,,,maleソロ,Tokyo,
2022,ミュージックステーションスーパーライブ,緑黄色社会,,,,Group,,比田井修（ドラムス）
2022,ミュージックステーションスーパーライブ,関ジャニ∞,,,,maleソロ,Kōchi,
2023,NHK紅白歌合戦,10-FEET,1.0,第ゼロ感,"melodic hardcore, j-rock, j-pop",Group,,
2023,NHK紅白歌合戦,Ado[• 31],1.0,唱,,femaleソロ,Tokyo,
2023,NHK紅白歌合戦,BE:FIRST[• 2],2.0,Boom Boom Back,j-pop,Group,Lincoln,
2023,NHK紅白歌合戦,JO1,2.0,NEWSmile,,Group,Tokyo,吉本興業CJ ENM
2023,NHK紅白歌合戦,JUJU,2.0,時の流れに身をまかせ,"j-pop, kayokyoku, j-r&b",femaleソロ,Shōbara,
2023,NHK紅白歌合戦,LE SSERAFIM,2.0,UNFORGIVEN (feat. Nile Rodgers) -Japanese ver.-,k-pop,Group,Seoul,HYBE
2023,NHK紅白歌合戦,MISAMO,1.0,Do not touch,k-pop,Group,Tokyo,TWICEJ.Y. Park
2023,NHK紅白歌合戦,MISIA,8.0,紅白スペシャル2023 [• 39],,femaleソロ,Tsushima,鷺巣詩郎黒田卓也エリカ・バドゥマーカス・ミラーなど
2023,NHK紅白歌合戦,Mrs. GREEN APPLE,1.0,ダンスホール,"j-pop, anime, j-rock",Group,,中西亮輔伊藤賢高橋諒山下洋介
2023,NHK紅白歌合戦,NewJeans[• 15],1.0,NewJeans Special Medley[• 16],k-pop,Group,Seoul,ミン・ヒジン（ - 2024年）
2023,NHK紅白歌合戦,NiziU,4.0,Make you happy,"j-pop, k-pop",Group,Seoul,ソニー・ミュージックエンタテインメントJ.Y. Park
2023,NHK紅白歌合戦,Official髭男dism[• 15],4.0,Chessboard,,Group,Shimane,
2023,NHK紅白歌合戦,Perfume[• 2],16.0,FAKE IT,"j-pop, shibuya-kei",Group,Minami-ku,中田ヤスタカMIKIKO
2023,NHK紅白歌合戦,SEVENTEEN[• 10],1.0,舞い落ちる花びら (Fallin' Flower),k-pop,Group,Seoul,
2023,NHK紅白歌合戦,Stray Kids[• 2],1.0,CASE 143 -Japanese ver.-,"k-pop, noise music",Group,Seoul,
2023,NHK紅白歌合戦,Superfly,7.0,タマシイレボリューション,j-pop,Group,,蔦谷好位置多保孝一松岡モトキ
2023,NHK紅白歌合戦,YOASOBI,3.0,アイドル,"j-pop, anime",Group,,
2023,NHK紅白歌合戦,YOSHIKI,4.0,ENDLESS RAIN 〜 Rusty Nail,j-rap,maleソロ,Kōchi,X JAPANViolet UKL・O・XV2globe extremeS.K.I.N.THE LAST ROCKSTARS
2023,NHK紅白歌合戦,ano,1.0,ちゅ、多様性。,,maleソロ,Kōchi,ゆるめるモ!（2013年 - 2019年）I's（2021年 - 2024年）
2023,NHK紅白歌合戦,あいみょん,5.0,愛の花,,femaleソロ,Nishinomiya,
2023,NHK紅白歌合戦,さだまさし[• 34],22.0,秋桜（コスモス）,"kayokyoku, enka, j-pop, folk",maleソロ,Nagasaki,グレープ渡辺俊幸
2023,NHK紅白歌合戦,すとぷり[• 3],1.0,スキスキ星人,vocaloid,Group,,
2023,NHK紅白歌合戦,ゆず,14.0,ビューティフル,"j-pop, anime",Group,Yokohama,
2023,NHK紅白歌合戦,エレファントカシマシ,2.0,俺たちの明日,,Group,,
2023,NHK紅白歌合戦,キタニタツヤ,1.0,青のすみか,,maleソロ,Tokyo,ヨルシカ
2023,NHK紅白歌合戦,クイーン+アダム・ランバート[• 22],1.0,ドント・ストップ・ミー・ナウ,,maleソロ,Kōchi,
2023,NHK紅白歌合戦,ハマいく,1.0,ビートDEトーヒ,j-pop,maleソロ,Kōchi,
2023,NHK紅白歌合戦,三山ひろし,9.0,どんこ坂〜第7回 けん玉世界記録への道〜,"enka, kayokyoku",maleソロ,Nankoku,
2023,NHK紅白歌合戦,乃木坂46[• 9],9.0,おひとりさま天国,kayokyoku,Group,Minato,Sony Music Entertainment秋元康
2023,NHK紅白歌合戦,伊藤蘭[• 15],1.0,キャンディーズ50周年 紅白SPメドレー[• 25],"kayokyoku, city pop",maleソロ,Itabashi,
2023,NHK紅白歌合戦,坂本冬美,35.0,夜桜お七,"enka, kayokyoku",femaleソロ,Kamitonda,
2023,NHK紅白歌合戦,大泉洋,1.0,あの空に立つ塔のように,,maleソロ,Ebetsu,
2023,NHK紅白歌合戦,大泉洋、大森元貴、LE SSERAFIM,0.0,アンダー・ザ・シー,,maleソロ,Tokyo,
2023,NHK紅白歌合戦,天童よしみ[• 4],28.0,道頓堀人情,"enka, kayokyoku, japanese classical",femaleソロ,Tanabe,
2023,NHK紅白歌合戦,寺尾聰,3.0,ルビーの指環,,maleソロ,Hodogaya-ku,
2023,NHK紅白歌合戦,山内惠介[• 8],9.0,恋する街角,,maleソロ,Itoshima,
2023,NHK紅白歌合戦,山寺宏一、櫻坂46、Stray Kids,0.0,フレンド・ライク・ミー,,Group,,
2023,NHK紅白歌合戦,新しい学校のリーダーズ,1.0,オトナブルー,,Group,Japan,
2023,NHK紅白歌合戦,星野源[• 23],9.0,生命体,,maleソロ,Saitama,"SAKEROCK（2000年 - 2015年）河村""カースケ""智康ハマ・オカモト長岡亮介ほか"
2023,NHK紅白歌合戦,椎名林檎,8.0,㋚〜さすがに諸行無常篇〜[• 20][• 21],,femaleソロ,Fukuoka,東京事変亀田誠治斎藤ネコ井上雨迩中山信彦村田陽一児玉裕一
2023,NHK紅白歌合戦,橋本環奈、浜辺美波,0.0,いつか王子様が,,femaleソロ,Fukuoka,
2023,NHK紅白歌合戦,櫻坂46[• 2][• 5],3.0,Start over!,j-pop,Group,,Sony Music Entertainment秋元康（プロデューサー）
2023,NHK紅白歌合戦,水森かおり[• 11],21.0,日向岬〜紅白ドミノチャレンジSP〜,"enka, kayokyoku",femaleソロ,Kita,
2023,NHK紅白歌合戦,生田絵梨花,0.0,ウィッシュ～この願い～,,femaleソロ,Düsseldorf,
2023,NHK紅白歌合戦,石川さゆり,46.0,津軽海峡・冬景色,"enka, kayokyoku",femaleソロ,Kumamoto,
2023,NHK紅白歌合戦,福山雅治,16.0,「HELLO〜想望」 紅白スペシャルメドレー,"j-pop, kayokyoku",maleソロ,Nagasaki,井上鑑KOH+
2023,NHK紅白歌合戦,紅白有志の皆さん[• 18],0.0,小さな世界,,maleソロ,Kōchi,
2023,NHK紅白歌合戦,純烈,6.0,だってめぐり逢えたんだ〜NHKプラスver.〜,"enka, kayokyoku",Group,Japan,
2023,NHK紅白歌合戦,緑黄色社会,2.0,キャラクター,,Group,,比田井修（ドラムス）
2023,NHK紅白歌合戦,薬師丸ひろ子[• 15],3.0,セーラー服と機関銃,"kayokyoku, enka, city pop, j-pop",femaleソロ,Shibuya,
2023,NHK紅白歌合戦,藤井フミヤ,6.0,TRUE LOVE,"kayokyoku, j-pop",maleソロ,Kurume,F-BLOOD
2023,NHK紅白歌合戦,郷ひろみ,36.0,2億4千万の瞳〜ブレイキンSP〜,"kayokyoku, enka, j-pop, city pop",maleソロ,Sue,酒井政利筒美京平萩田光雄井上鑑坂本龍一大村雅朗唐木裕史
2023,NHK紅白歌合戦,鈴木雅之,6.0,め組のひと,"anime, j-pop, kayokyoku, city pop",maleソロ,Ōta,ラッツ&スター
2023,ベストアーティスト,Ado,,,,femaleソロ,Tokyo,
2023,ベストアーティスト,BE:FIRST,,,j-pop,Group,Lincoln,
2023,ベストアーティスト,Da-iCE,,,"j-pop, anime",Group,Japan,
2023,ベストアーティスト,GENERATIONS from EXILE TRIBE,,,"j-pop, anime",Group,Japan,
2023,ベストアーティスト,IMP.,,,,maleソロ,Kōchi,
2023,ベストアーティスト,JO1,,,,Group,Tokyo,吉本興業CJ ENM
2023,ベストアーティスト,Kep1er,,,k-pop,Group,Seoul,
2023,ベストアーティスト,King Gnu,,,"j-pop, anime, j-rock",maleソロ,Portland,
2023,ベストアーティスト,LE SSERAFIM,,,k-pop,Group,Seoul,HYBE
2023,ベストアーティスト,MISIA,,,,femaleソロ,Tsushima,鷺巣詩郎黒田卓也エリカ・バドゥマーカス・ミラーなど
2023,ベストアーティスト,Mrs. GREEN APPLE,,,"j-pop, anime, j-rock",Group,,中西亮輔伊藤賢高橋諒山下洋介
2023,ベストアーティスト,NiziU,,,"j-pop, k-pop",Group,Seoul,ソニー・ミュージックエンタテインメントJ.Y. Park
2023,ベストアーティスト,Perfume,,,"j-pop, shibuya-kei",Group,Minami-ku,中田ヤスタカMIKIKO
2023,ベストアーティスト,Rockon Social Club,,,,Group,,寺岡呼人（プロデューサー）
2023,ベストアーティスト,SEKAI NO OWARI,,,"j-pop, anime",Group,Tokyo,CHRYSANTHEMUM BRIDGE小林武史
2023,ベストアーティスト,SEVENTEEN,,,k-pop,Group,Seoul,
2023,ベストアーティスト,SUPER BEAVER,,,"anime, j-rock, j-pop",Group,,
2023,ベストアーティスト,Sexy Zone,,,,maleソロ,Kōchi,
2023,ベストアーティスト,SixTONES,,,j-pop,Group,Japan,
2023,ベストアーティスト,Snow Man,,,j-pop,Group,Japan,
2023,ベストアーティスト,なにわ男子,,,j-pop,Group,,大倉忠義[2]
2023,ベストアーティスト,ゆず,,,"j-pop, anime",Group,Yokohama,
2023,ベストアーティスト,ジェジュン,,,,maleソロ,Kōchi,JYJ東方神起
2023,ベストアーティスト,乃木坂46,,,kayokyoku,Group,Minato,Sony Music Entertainment秋元康
2023,ベストアーティスト,優里,,,latin pop,maleソロ,Chiba,CHIMERAZ（編曲・音楽プロデュース）弱虫男爵
2023,ベストアーティスト,日向坂46,,,,Group,Japan,Sony Music Entertainment秋元康
2023,ベストアーティスト,生田絵梨花,,,,femaleソロ,Düsseldorf,
2023,ベストアーティスト,由薫,,,anime,femaleソロ,Tokyo,
2023,ベストアーティスト,石川さゆり,,,"enka, kayokyoku",femaleソロ,Kumamoto,
2023,ベストアーティスト,福山雅治,,,"j-pop, kayokyoku",maleソロ,Nagasaki,井上鑑KOH+
2023,ベストアーティスト,緑黄色社会,,,,Group,,比田井修（ドラムス）
2023,ベストアーティスト,豊原江理佳,,,,femaleソロ,,
2023,ミュージックステーションスーパーライブ,AI,,,cumbia,femaleソロ,Los Angeles,
2023,ミュージックステーションスーパーライブ,BE:FIRST,,,j-pop,Group,Lincoln,
2023,ミュージックステーションスーパーライブ,DA PUMP,,,"j-pop, j-r&b, kayokyoku, anime",Group,Okinawa,m.c.A・T今井大介SASAShungo.
2023,ミュージックステーションスーパーライブ,GENERATIONS,,,"j-pop, anime",maleソロ,Kōchi,
2023,ミュージックステーションスーパーライブ,KinKi Kids,,,j-pop,Group,,プロデューサー山下達郎吉田拓郎藤島ジュリー景子堂島孝平コンサートマスター吉田建
2023,ミュージックステーションスーパーライブ,L'Arc〜en〜Ciel,,,,Group,Osaka,"岡野ハジメ（共同プロデューサー, 1996年 - ）"
2023,ミュージックステーションスーパーライブ,LE SSERAFIM,,,k-pop,Group,Seoul,HYBE
2023,ミュージックステーションスーパーライブ,Little Glee Monster,,,"j-pop, anime",Group,,
2023,ミュージックステーションスーパーライブ,Mrs. GREEN APPLE,,,"j-pop, anime, j-rock",Group,,中西亮輔伊藤賢高橋諒山下洋介
2023,ミュージックステーションスーパーライブ,NiziU,,,"j-pop, k-pop",Group,Seoul,ソニー・ミュージックエンタテインメントJ.Y. Park
2023,ミュージックステーションスーパーライブ,Perfume,,,"j-pop, shibuya-kei",Group,Minami-ku,中田ヤスタカMIKIKO
2023,ミュージックステーションスーパーライブ,SEKAI NO OWARI,,,"j-pop, anime",Group,Tokyo,CHRYSANTHEMUM BRIDGE小林武史
2023,ミュージックステーションスーパーライブ,SUPER BEAVER,,,"anime, j-rock, j-pop",Group,,
2023,ミュージックステーションスーパーライブ,Saucy Dog,,,"j-pop, japanese indie",Group,Japan,
2023,ミュージックステーションスーパーライブ,SixTONES,,,j-pop,Group,Japan,
2023,ミュージックステーションスーパーライブ,Snow Man,,,j-pop,Group,Japan,
2023,ミュージックステーションスーパーライブ,Stray Kids,,,"k-pop, noise music",Group,Seoul,
2023,ミュージックステーションスーパーライブ,THE RAMPAGE,,,j-pop,Group,Liverpool,
2023,ミュージックステーションスーパーライブ,Toshl,,,"kayokyoku, j-pop",maleソロ,Kōchi,X JAPAN
2023,ミュージックステーションスーパーライブ,YOASOBI,,,"j-pop, anime",Group,,
2023,ミュージックステーションスーパーライブ,aiko,,,,femaleソロ,Suita,島田昌典OSTER projectトオミヨウ
2023,ミュージックステーションスーパーライブ,ano,,,,maleソロ,Kōchi,ゆるめるモ!（2013年 - 2019年）I's（2021年 - 2024年）
2023,ミュージックステーションスーパーライブ,yama,,,,ソロ,,くじらTOOBOEBIN
2023,ミュージックステーションスーパーライブ,あいみょん,,,,femaleソロ,Nishinomiya,
2023,ミュージックステーションスーパーライブ,いきものがかり,,,,Group,Kanagawa,本間昭光亀田誠治島田昌典江口亮
2023,ミュージックステーションスーパーライブ,ちゃんみな,,,,femaleソロ,South Korea,
2023,ミュージックステーションスーパーライブ,なにわ男子,,,j-pop,Group,,大倉忠義[2]
2023,ミュージックステーションスーパーライブ,ゆず,,,"j-pop, anime",Group,Yokohama,
2023,ミュージックステーションスーパーライブ,キョコロヒー,,,,maleソロ,Kōchi,
2023,ミュージックステーションスーパーライブ,ゴールデンボンバー,,,visual kei,Group,,tatsuo（everset）
2023,ミュージックステーションスーパーライブ,ジェジュン,,,,maleソロ,Kōchi,JYJ東方神起
2023,ミュージックステーションスーパーライブ,マカロニえんぴつ,,,,Group,Kanagawa,
2023,ミュージックステーションスーパーライブ,モーニング娘。MステSPユニット（モーニング娘。’23＆OGメンバー）,,,,Group,,
2023,ミュージックステーションスーパーライブ,三浦大知,,,,maleソロ,Okinawa,KREVAFolder
2023,ミュージックステーションスーパーライブ,乃木坂46,,,kayokyoku,Group,Minato,Sony Music Entertainment秋元康
2023,ミュージックステーションスーパーライブ,優里,,,latin pop,maleソロ,Chiba,CHIMERAZ（編曲・音楽プロデュース）弱虫男爵
2023,ミュージックステーションスーパーライブ,新しい学校のリーダーズ,,,,Group,Japan,
2023,ミュージックステーションスーパーライブ,日向坂46,,,,Group,Japan,Sony Music Entertainment秋元康
2023,ミュージックステーションスーパーライブ,櫻坂46,,,j-pop,Group,,Sony Music Entertainment秋元康（プロデューサー）
2023,ミュージックステーションスーパーライブ,清水美依紗,,,,femaleソロ,Suzuka,
2023,ミュージックステーションスーパーライブ,緑黄色社会,,,,Group,,比田井修（ドラムス）
2023,ミュージックステーションスーパーライブ,関ジャニ∞,,,,maleソロ,Kōchi,
2024,NHK紅白歌合戦,B'z,1.0,イルミネーション,,Group,Japan,
2024,NHK紅白歌合戦,B'z,1.0,LOVE PHANTOM,,Group,Japan,
2024,NHK紅白歌合戦,B'z,1.0,ultra soul,,Group,Japan,
2024,NHK紅白歌合戦,BE:FIRST,3.0,Masterplan,j-pop,Group,Lincoln,
2024,NHK紅白歌合戦,Creepy Nuts,1.0,Bling-Bang-Bang-Born,"anime, j-pop, j-rap",Group,,
2024,NHK紅白歌合戦,Da-iCE,1.0,I wonder,"j-pop, anime",Group,Japan,
2024,NHK紅白歌合戦,Da-iCE、ME:I[• 11],0.0,きみもとべるよ![• 12],,Group,Japan,
2024,NHK紅白歌合戦,GLAY,4.0,誘惑,"visual kei, j-pop, j-rock, kayokyoku",Group,Hakodate,亀田誠治
2024,NHK紅白歌合戦,HY,3.0,366日,,Group,Okinawa,
2024,NHK紅白歌合戦,ILLIT,1.0,Magnetic,k-pop,maleソロ,Kōchi,HYBE
2024,NHK紅白歌合戦,ILLIT[• 2]、Number_i、ME:I[• 3],0.0,コンピューターおばあちゃん,,Group,,
2024,NHK紅白歌合戦,JO1,3.0,Love seeker,,Group,Tokyo,吉本興業CJ ENM
2024,NHK紅白歌合戦,LE SSERAFIM,3.0,CRAZY -Japanese ver.-,k-pop,Group,Seoul,HYBE
2024,NHK紅白歌合戦,ME:I,1.0,Click,j-pop,maleソロ,Kōchi,LAPONEエンタテインメントCJ ENM吉本興業
2024,NHK紅白歌合戦,MISIA,0.0,ビューティフル・ネーム,,femaleソロ,Tsushima,鷺巣詩郎黒田卓也エリカ・バドゥマーカス・ミラーなど
2024,NHK紅白歌合戦,MISIA,9.0,紅白スペシャル2024[• 32],,femaleソロ,Tsushima,鷺巣詩郎黒田卓也エリカ・バドゥマーカス・ミラーなど
2024,NHK紅白歌合戦,Mrs. GREEN APPLE,2.0,青と夏〜ライラック 紅白SP,"j-pop, anime, j-rock",Group,,中西亮輔伊藤賢高橋諒山下洋介
2024,NHK紅白歌合戦,Number_i,1.0,GOAT,j-pop,maleソロ,Kōchi,
2024,NHK紅白歌合戦,Omoinotake,1.0,幾億光年,"j-pop, city pop, anime, japanese indie",Group,Matsue,
2024,NHK紅白歌合戦,Superfly,8.0,Beautiful,j-pop,Group,,蔦谷好位置多保孝一松岡モトキ
2024,NHK紅白歌合戦,THE ALFEE,2.0,星空のディスタンス,"kayokyoku, city pop, j-pop, enka",Group,Shirokanedai,
2024,NHK紅白歌合戦,TOMORROW X TOGETHER,1.0,5時53分の空で見つけた君と僕 [Japanese Ver.],k-pop,Group,Seoul,HYBE
2024,NHK紅白歌合戦,TWICE,5.0,「TT〜Feel Special」スーパーメドレー[• 17],k-pop,Group,Seoul,
2024,NHK紅白歌合戦,Vaundy,2.0,踊り子,"j-pop, japanese indie, j-rock",maleソロ,Tokyo,
2024,NHK紅白歌合戦,aiko,15.0,相思相愛,,femaleソロ,Suita,島田昌典OSTER projectトオミヨウ
2024,NHK紅白歌合戦,tuki.,1.0,晩餐歌,,maleソロ,Kōchi,
2024,NHK紅白歌合戦,あいみょん,6.0,会いに行くのに,,femaleソロ,Nishinomiya,
2024,NHK紅白歌合戦,こっちのけんと,1.0,はいよろこんで,,maleソロ,Kōchi,
2024,NHK紅白歌合戦,イルカ,2.0,なごり雪[• 21],"kayokyoku, enka, j-pop",femaleソロ,Nakano,
2024,NHK紅白歌合戦,三山ひろし,10.0,恋…情念〜第8回 けん玉世界記録への道〜,"enka, kayokyoku",maleソロ,Nankoku,
2024,NHK紅白歌合戦,乃木坂46,10.0,きっかけ,kayokyoku,Group,Minato,Sony Music Entertainment秋元康
2024,NHK紅白歌合戦,乃木坂46,0.0,レット・イット・ゴー 〜ありのままで〜[• 12],kayokyoku,Group,Minato,Sony Music Entertainment秋元康
2024,NHK紅白歌合戦,南こうせつ,6.0,神田川[• 21],"kayokyoku, enka, folk",maleソロ,Ōita,かぐや姫
2024,NHK紅白歌合戦,坂本冬美[• 14],36.0,能登はいらんかいね,"enka, kayokyoku",femaleソロ,Kamitonda,
2024,NHK紅白歌合戦,大森元貴、SAKURA,0.0,輝く未来[• 12],,maleソロ,Tokyo,
2024,NHK紅白歌合戦,天童よしみ,29.0,あんたの花道,"enka, kayokyoku, japanese classical",femaleソロ,Tanabe,
2024,NHK紅白歌合戦,山内惠介,10.0,紅の蝶,,maleソロ,Itoshima,
2024,NHK紅白歌合戦,新浜レオン,1.0,全てあげよう,"enka, kayokyoku",femaleソロ,Fukuoka,"髙城靖雄, 渡辺なつみ, 大谷明裕"
2024,NHK紅白歌合戦,星野源,10.0,ばらばら,,maleソロ,Saitama,"SAKEROCK（2000年 - 2015年）河村""カースケ""智康ハマ・オカモト長岡亮介ほか"
2024,NHK紅白歌合戦,有吉弘行、橋本環奈、伊藤沙莉,0.0,だんご3兄弟,,maleソロ,Itabashi,
2024,NHK紅白歌合戦,有吉弘行、橋本環奈、伊藤沙莉、 花田ゆういちろう、ながたまや、秋元杏月、 佐久本和夢、じゃじゃまる、ぴっころ、ぽろり、 スプー、みもも、やころ、ルチータ,0.0,からだ☆ダンダン,,Group,,
2024,NHK紅白歌合戦,椎名林檎ともも,9.0,ほぼ水の泡,,femaleソロ,Fukuoka,
2024,NHK紅白歌合戦,櫻坂46,4.0,自業自得,j-pop,Group,,Sony Music Entertainment秋元康（プロデューサー）
2024,NHK紅白歌合戦,水森かおり[• 9],22.0,鳥取砂丘〜紅白ドミノチャレンジSP〜,"enka, kayokyoku",femaleソロ,Kita,
2024,NHK紅白歌合戦,氷川きよし,24.0,白雲の城,"enka, anime, kayokyoku",maleソロ,Minami-ku,
2024,NHK紅白歌合戦,玉置浩二,3.0,悲しみにさよなら,"kayokyoku, j-pop, enka",maleソロ,Asahikawa,安全地帯松井五郎須藤晃
2024,NHK紅白歌合戦,石川さゆり,47.0,能登半島,"enka, kayokyoku",femaleソロ,Kumamoto,
2024,NHK紅白歌合戦,福山雅治,17.0,「ひとみ〜少年」“あなたへの歌” SPメドレー,"j-pop, kayokyoku",maleソロ,Nagasaki,井上鑑KOH+
2024,NHK紅白歌合戦,竹下景子・武田鉄矢・田中健・松崎しげる,23.0,もしもピアノが弾けたなら,,femaleソロ,Kurume,
2024,NHK紅白歌合戦,米津玄師[• 27],2.0,さよーならまたいつか!,,maleソロ,Tokushima,蔦谷好位置（2014年 - 2017年）坂東祐大（2019年 - 2023年） ほか
2024,NHK紅白歌合戦,紅白出演者有志,0.0,切手のないおくりもの,,maleソロ,Kōchi,
2024,NHK紅白歌合戦,紅白出演者有志[• 13],0.0,星に願いを,,maleソロ,Kōchi,
2024,NHK紅白歌合戦,紅白出演者有志[• 4],0.0,パプリカ,,maleソロ,Kōchi,
2024,NHK紅白歌合戦,純烈[• 7],7.0,夢みた果実,"enka, kayokyoku",Group,Japan,
2024,NHK紅白歌合戦,緑黄色社会,3.0,僕らはいきものだから,,Group,,比田井修（ドラムス）
2024,NHK紅白歌合戦,藤井風[• 19],3.0,満ちてゆく,,maleソロ,Satoshō,Yaffle
2024,NHK紅白歌合戦,西野カナ,10.0,EYES ON YOU 紅白スペシャルメドレー[• 24],j-pop,femaleソロ,Matsusaka,GIORGIO 13 CANCEMIDJ Mass MAD Izm*山口隆志
2024,NHK紅白歌合戦,郷ひろみ,37.0,2億4千万の瞳 放送100年 GO!GO!SP,"kayokyoku, enka, j-pop, city pop",maleソロ,Sue,酒井政利筒美京平萩田光雄井上鑑坂本龍一大村雅朗唐木裕史
2024,NHK紅白歌合戦,髙橋真梨子,6.0,for you…,,femaleソロ,Hatsukaichi,ヘンリー広瀬ペドロ&カプリシャス
2024,ベストアーティスト,AI,,,cumbia,femaleソロ,Los Angeles,
2024,ベストアーティスト,Aぇ! group,,,"african gospel, gospel",Group,,横山裕[1][2]大倉忠義[3]
2024,ベストアーティスト,Da-iCE,,,"j-pop, anime",Group,Japan,
2024,ベストアーティスト,GLAY,,,"visual kei, j-pop, j-rock, kayokyoku",Group,Hakodate,亀田誠治
2024,ベストアーティスト,HY,,,,Group,Okinawa,
2024,ベストアーティスト,Hey! Say! JUMP,,,j-pop,Group,,
2024,ベストアーティスト,IMP.,,,,maleソロ,Kōchi,
2024,ベストアーティスト,MISIA,,,,femaleソロ,Tsushima,鷺巣詩郎黒田卓也エリカ・バドゥマーカス・ミラーなど
2024,ベストアーティスト,May J.,,,singer-songwriter,femaleソロ,Yate,
2024,ベストアーティスト,Mrs. GREEN APPLE,,,"j-pop, anime, j-rock",Group,,中西亮輔伊藤賢高橋諒山下洋介
2024,ベストアーティスト,NewJeans,,,k-pop,Group,Seoul,ミン・ヒジン（ - 2024年）
2024,ベストアーティスト,NiziU,,,"j-pop, k-pop",Group,Seoul,ソニー・ミュージックエンタテインメントJ.Y. Park
2024,ベストアーティスト,ORANGE RANGE,,,"j-pop, anime, j-rock",Group,Okinawa,シライシ紗トリ（2003年 - 2010年）
2024,ベストアーティスト,Omoinotake,,,"j-pop, city pop, anime, japanese indie",Group,Matsue,
2024,ベストアーティスト,Perfume,,,"j-pop, shibuya-kei",Group,Minami-ku,中田ヤスタカMIKIKO
2024,ベストアーティスト,SEVENTEEN,,,k-pop,Group,Seoul,
2024,ベストアーティスト,SUPER BEAVER,,,"anime, j-rock, j-pop",Group,,
2024,ベストアーティスト,SixTONES,,,j-pop,Group,Japan,
2024,ベストアーティスト,Snow Man,,,j-pop,Group,Japan,
2024,ベストアーティスト,Stray Kids,,,"k-pop, noise music",Group,Seoul,
2024,ベストアーティスト,THE RAMPAGE from EXILE TRIBE,,,j-pop,Group,Tokyo,
2024,ベストアーティスト,m-flo loves Maya,,,,Group,,
2024,ベストアーティスト,m-flo loves 櫻井翔,,,,Group,,
2024,ベストアーティスト,timelesz,,,j-pop,Group,,
2024,ベストアーティスト,三代目 J SOUL BROTHERS from EXILE TRIBE,,,,Group,Japan,HIRO
2024,ベストアーティスト,乃木坂46,,,kayokyoku,Group,Minato,Sony Music Entertainment秋元康
2024,ベストアーティスト,大塚愛,,,,femaleソロ,Suminoe-ku,Ikoman山口寛雄阿部登（Studio Apartment）Rabbit松浦勝人
2024,ベストアーティスト,屋比久知奈,,,,femaleソロ,Okinawa,
2024,ベストアーティスト,日向坂46,,,,Group,Japan,Sony Music Entertainment秋元康
2024,ベストアーティスト,星野源,,,,maleソロ,Saitama,"SAKEROCK（2000年 - 2015年）河村""カースケ""智康ハマ・オカモト長岡亮介ほか"
2024,ベストアーティスト,木村昴,,,,maleソロ,Blankenburg,掌幻
2024,ベストアーティスト,由薫,,,anime,femaleソロ,Tokyo,
2024,ベストアーティスト,藤井隆,,,"j-pop, kayokyoku, city pop",maleソロ,Shinagawa,
2024,ミュージックステーションスーパーライブ,AI,,,cumbia,femaleソロ,Los Angeles,
2024,ミュージックステーションスーパーライブ,Awich,,,"j-rap, j-r&b",femaleソロ,Okinawa,Chaki ZuluYENTOWN
2024,ミュージックステーションスーパーライブ,BE:FIRST,,,j-pop,Group,Lincoln,
2024,ミュージックステーションスーパーライブ,BOYNEXTDOOR,,,k-pop,maleソロ,Kōchi,ジコHYBE
2024,ミュージックステーションスーパーライブ,B小町,,,"anime, j-pop",Group,,
2024,ミュージックステーションスーパーライブ,CANDY TUNE,,,j-pop,Group,,
2024,ミュージックステーションスーパーライブ,CUTIE STREET,,,j-pop,Group,New Jersey,木村ミサ（総合プロデューサー）
2024,ミュージックステーションスーパーライブ,Creepy Nuts,,,"anime, j-pop, j-rap",Group,,
2024,ミュージックステーションスーパーライブ,Da-iCE,,,"j-pop, anime",Group,Japan,
2024,ミュージックステーションスーパーライブ,FRUITS ZIPPER,,,j-pop,Group,,木村ミサ（総合プロデューサー）
2024,ミュージックステーションスーパーライブ,GENERATIONS,,,"j-pop, anime",maleソロ,Kōchi,
2024,ミュージックステーションスーパーライブ,ILLIT,,,k-pop,maleソロ,Kōchi,HYBE
2024,ミュージックステーションスーパーライブ,INI,,,"opera, mizrahi",maleソロ,Kōchi,吉本興業CJ ENM
2024,ミュージックステーションスーパーライブ,Kis-My-Ft2,,,j-pop,Group,Tokyo,
2024,ミュージックステーションスーパーライブ,L'Arc～en～Ciel,,,,Group,Osaka,"岡野ハジメ（共同プロデューサー, 1996年 - ）"
2024,ミュージックステーションスーパーライブ,ME:I,,,j-pop,maleソロ,Kōchi,LAPONEエンタテインメントCJ ENM吉本興業
2024,ミュージックステーションスーパーライブ,MISAMO,,,k-pop,Group,Tokyo,TWICEJ.Y. Park
2024,ミュージックステーションスーパーライブ,Mrs. GREEN APPLE,,,"j-pop, anime, j-rock",Group,,中西亮輔伊藤賢高橋諒山下洋介
2024,ミュージックステーションスーパーライブ,NiziU,,,"j-pop, k-pop",Group,Seoul,ソニー・ミュージックエンタテインメントJ.Y. Park
2024,ミュージックステーションスーパーライブ,Number_i,,,j-pop,maleソロ,Kōchi,
2024,ミュージックステーションスーパーライブ,Omoinotake,,,"j-pop, city pop, anime, japanese indie",Group,Matsue,
2024,ミュージックステーションスーパーライブ,Perfume,,,"j-pop, shibuya-kei",Group,Minami-ku,中田ヤスタカMIKIKO
2024,ミュージックステーションスーパーライブ,RIIZE,,,k-pop,Group,Seoul,
2024,ミュージックステーションスーパーライブ,SUPER BEAVER,,,"anime, j-rock, j-pop",Group,,
2024,ミュージックステーションスーパーライブ,SUPER EIGHT,,,j-pop,Group,Osaka,
2024,ミュージックステーションスーパーライブ,SWEET STEADY,,,,Group,Harefield,木村ミサ（総合プロデューサー）
2024,ミュージックステーションスーパーライブ,Saucy Dog,,,"j-pop, japanese indie",Group,Japan,
2024,ミュージックステーションスーパーライブ,SixTONES,,,j-pop,Group,Japan,
2024,ミュージックステーションスーパーライブ,Snow Man,,,j-pop,Group,Japan,
2024,ミュージックステーションスーパーライブ,Stray Kids,,,"k-pop, noise music",Group,Seoul,
2024,ミュージックステーションスーパーライブ,THE RAMPAGE,,,j-pop,Group,Liverpool,
2024,ミュージックステーションスーパーライブ,Travis Japan,,,j-pop,Group,,Travis Payne
2024,ミュージックステーションスーパーライブ,Vaundy,,,"j-pop, japanese indie, j-rock",maleソロ,Tokyo,
2024,ミュージックステーションスーパーライブ,XG,,,,maleソロ,Kōchi,
2024,ミュージックステーションスーパーライブ,aespa,,,k-pop,Group,Seoul,
2024,ミュージックステーションスーパーライブ,aiko,,,,femaleソロ,Suita,島田昌典OSTER projectトオミヨウ
2024,ミュージックステーションスーパーライブ,ano,,,,maleソロ,Kōchi,ゆるめるモ!（2013年 - 2019年）I's（2021年 - 2024年）
2024,ミュージックステーションスーパーライブ,あいみょん,,,,femaleソロ,Nishinomiya,
2024,ミュージックステーションスーパーライブ,いきものがかり,,,,Group,Kanagawa,本間昭光亀田誠治島田昌典江口亮
2024,ミュージックステーションスーパーライブ,こっちのけんと,,,,maleソロ,Kōchi,
2024,ミュージックステーションスーパーライブ,なにわ男子,,,j-pop,Group,,大倉忠義[2]
2024,ミュージックステーションスーパーライブ,ゆず,,,"j-pop, anime",Group,Yokohama,
2024,ミュージックステーションスーパーライブ,ゴールデンボンバー,,,visual kei,Group,,tatsuo（everset）
2024,ミュージックステーションスーパーライブ,ジェジュン,,,,maleソロ,Kōchi,JYJ東方神起
2024,ミュージックステーションスーパーライブ,マカロニえんぴつ,,,,Group,Kanagawa,
2024,ミュージックステーションスーパーライブ,三代目 J SOUL BROTERS,,,,maleソロ,Hino,
2024,ミュージックステーションスーパーライブ,三浦大知,,,,maleソロ,Okinawa,KREVAFolder
2024,ミュージックステーションスーパーライブ,乃木坂46,,,kayokyoku,Group,Minato,Sony Music Entertainment秋元康
2024,ミュージックステーションスーパーライブ,屋比久知奈＆尾上松也,,,,femaleソロ,Okinawa,
2024,ミュージックステーションスーパーライブ,新しい学校のリーダーズ,,,,Group,Japan,
2024,ミュージックステーションスーパーライブ,日向坂46,,,,Group,Japan,Sony Music Entertainment秋元康
2024,ミュージックステーションスーパーライブ,東京スカパラダイスオーケストラ,,,,Group,Tokyo,
2024,ミュージックステーションスーパーライブ,櫻坂46,,,j-pop,Group,,Sony Music Entertainment秋元康（プロデューサー）
2024,ミュージックステーションスーパーライブ,田島貴男（Original Love）,,,j-rock,Group,,
